zcta,county,population,households,median_hh_income,pct_ba_plus,pct_asian_nh,pct_hispanic,median_age,log_density,owner_occupied_pct,avg_vehicles_per_hh,pct_hh_with_kids,pop_density_per_sqkm,total_vehicles_dmv,bev_pct,hev_pct,phev_pct,pct_new_BEV,avg_vehicle_age,home_charging_proxy,nearest_dcfast_km
92328,Inyo,872.0,405.0,91198.0,46.7,0.8,31.3,43.7,-0.6931471805599453,21.98,2.28,9.6,0.5,195.0,1.54,2.56,0.0,3.45,7.36,18.27,81.73
92384,Inyo,18.0,10.0,,100.0,0.0,0.0,,,0.0,2.0,0.0,0.0,55.0,1.82,0.0,0.0,0.0,5.47,0.0,9.2
92389,Inyo,169.0,98.0,26731.0,7.3,5.3,5.9,67.7,-0.6931471805599453,87.76,2.09,0.0,0.5,99.0,1.01,5.05,0.0,16.67,7.55,43.88,13.29
93201,Tulare,1146.0,271.0,51181.0,0.0,0.6,86.7,23.9,1.7404661748405046,31.73,2.2,60.5,5.7,765.0,0.26,1.18,0.52,4.0,8.52,20.66,22.7
93202,Kings,4014.0,946.0,60450.0,7.5,10.9,73.6,27.0,7.7886260656250315,61.52,2.14,48.7,2413.0,3244.0,0.55,2.71,0.77,2.8,7.8,57.82,3.32
93203,Kern,20571.0,4768.0,49918.0,4.4,0.6,94.1,25.2,3.6054978451748854,52.39,2.07,63.2,36.8,13781.0,0.72,2.29,0.87,5.29,8.08,49.79,10.83
93204,Kings,13441.0,2949.0,52986.0,4.4,1.1,86.5,32.3,4.484131857611035,44.83,2.2,54.3,88.6,6786.0,0.44,2.52,0.74,2.92,8.14,41.51,9.48
93205,Kern,2191.0,839.0,33295.0,13.5,0.0,7.8,40.1,2.6878474937846906,56.26,1.61,25.7,14.7,1515.0,0.4,2.97,0.33,0.99,8.28,26.58,42.01
93206,Kern,1953.0,551.0,53170.0,6.9,0.0,80.7,27.1,1.6094379124341003,35.03,1.73,51.0,5.0,1809.0,0.28,1.44,0.22,1.29,7.42,31.4,8.2
93207,Tulare,247.0,81.0,,20.7,0.0,0.4,40.6,0.47000362924573563,77.78,2.44,44.4,1.6,226.0,1.33,1.77,0.88,11.11,7.46,64.2,31.94
93208,Tulare,175.0,148.0,63861.0,39.4,0.0,0.0,65.8,0.09531017980432493,100.0,1.14,0.0,1.1,1.0,0.0,0.0,0.0,,14.0,100.0,28.4
93210,Fresno,18975.0,4656.0,77850.0,12.4,2.6,66.3,36.1,2.2300144001592104,52.81,1.96,41.3,9.3,10393.0,1.05,3.61,0.71,6.37,7.63,48.0,16.51
93212,Kings,23407.0,4607.0,54149.0,3.6,1.2,74.4,34.5,4.446174454497633,49.92,1.85,51.8,85.3,10391.0,0.44,2.19,0.42,2.04,7.82,46.6,23.56
93215,Kern,53627.0,12681.0,61329.0,8.1,13.0,76.9,33.3,4.920710586568268,59.83,2.1,48.1,137.1,32234.0,0.82,2.94,0.67,5.24,7.57,56.41,5.26
93218,Tulare,779.0,155.0,88750.0,11.0,0.0,89.6,27.3,1.547562508716013,68.39,2.48,58.7,4.7,734.0,0.27,1.63,0.68,1.54,7.97,63.87,20.73
93219,Tulare,9708.0,2298.0,52883.0,3.5,6.7,91.6,26.0,3.66612246699132,54.87,2.17,57.7,39.1,6429.0,0.3,2.3,0.47,1.72,8.28,48.26,9.66
93220,Kern,0.0,0.0,,0.0,0.0,0.0,,,,,0.0,0.0,234.0,0.85,0.85,0.43,5.0,7.76,,12.23
93221,Tulare,14399.0,4719.0,84121.0,19.5,2.2,52.8,36.1,3.7376696182833684,63.13,2.05,41.5,42.0,12465.0,1.6,3.35,0.58,7.3,7.47,57.85,12.02
93222,Kern,2538.0,1211.0,56422.0,36.9,16.4,21.4,52.0,3.5234150143864045,81.83,2.01,20.6,33.9,1744.0,4.13,6.54,1.26,15.82,6.66,78.78,27.19
93223,Tulare,10359.0,2644.0,57463.0,4.6,0.3,89.2,29.3,7.389316857061601,65.77,2.24,56.7,1618.6,7827.0,0.61,2.73,0.38,3.25,7.99,63.65,6.85
93224,Kern,430.0,144.0,50500.0,3.7,0.0,18.4,41.8,2.0149030205422647,82.64,1.97,34.7,7.5,311.0,0.64,3.22,0.64,2.38,7.53,63.19,24.23
93226,Kern,64.0,33.0,,15.6,0.0,0.0,68.6,-1.2039728043259361,60.61,2.24,0.0,0.3,247.0,0.4,3.64,0.4,0.0,6.65,54.55,40.3
93230,Kings,69130.0,21947.0,73558.0,17.0,3.2,52.0,33.4,4.6210435351443815,61.46,1.99,40.0,101.6,53141.0,1.63,4.27,0.7,7.35,7.29,58.66,4.76
93234,Fresno,6477.0,1637.0,44353.0,3.0,0.0,98.0,27.1,3.456316680883235,27.24,2.11,53.9,31.7,4472.0,0.83,2.03,0.6,10.59,8.67,24.5,14.89
93235,Tulare,4408.0,1207.0,55175.0,9.3,0.0,90.5,33.2,6.384182082393644,58.16,2.2,51.0,592.4,3311.0,0.63,2.11,0.48,4.44,7.86,49.54,8.1
93238,Tulare,726.0,447.0,49665.0,54.5,2.6,7.0,65.5,0.7884573603642703,97.99,1.65,1.1,2.2,1380.0,0.94,3.41,0.58,3.97,7.64,51.23,51.26
93239,Kings,1349.0,511.0,48781.0,0.0,0.0,98.5,44.2,2.1041341542702074,16.44,1.32,46.6,8.2,898.0,0.78,2.78,0.22,5.56,8.18,16.44,9.5
93240,Kern,5622.0,2606.0,28535.0,10.4,2.4,13.1,50.1,3.2846635654062037,69.92,1.57,23.1,26.7,4527.0,0.73,2.47,0.42,5.59,8.08,43.59,46.74
93241,Kern,15571.0,4401.0,31563.0,3.7,1.1,94.0,30.6,7.269547109300332,41.35,1.71,46.5,1435.9,9705.0,0.4,1.67,0.6,3.96,8.46,38.15,9.01
93242,Fresno,2611.0,912.0,61250.0,14.5,0.2,67.3,32.7,3.2108436531709366,62.5,2.06,38.5,24.8,2426.0,0.33,2.51,0.66,3.3,8.03,60.09,14.68
93243,Kern,900.0,456.0,34737.0,40.5,9.6,31.0,42.3,0.8329091229351039,69.08,2.18,20.0,2.3,1361.0,1.4,2.87,0.59,6.88,7.5,45.39,8.77
93244,Tulare,123.0,60.0,,8.6,0.0,8.1,56.2,-0.35667494393873245,100.0,1.74,16.7,0.7,442.0,0.45,2.94,0.9,2.0,7.33,68.33,28.06
93245,Kings,37443.0,12037.0,78181.0,20.4,5.9,44.0,30.8,4.81380905109942,48.33,2.05,42.8,123.2,24683.0,1.49,4.63,0.57,5.91,7.12,46.76,3.51
93247,Tulare,17967.0,5347.0,55460.0,7.5,0.9,84.0,32.7,4.520701029361642,55.34,2.12,47.1,91.9,13318.0,0.79,2.56,0.48,4.39,8.01,51.71,1.63
93249,Kern,2164.0,541.0,43224.0,3.2,0.0,96.9,23.5,1.308332819650179,32.16,1.81,61.4,3.7,2008.0,0.2,1.89,0.75,1.81,8.34,21.63,21.32
93250,Kern,15451.0,3798.0,50982.0,4.3,0.5,90.0,27.2,4.249922794040544,53.0,2.07,59.4,70.1,10556.0,0.64,1.99,0.66,3.78,7.69,51.69,2.73
93251,Kern,280.0,73.0,74792.0,10.0,0.0,68.6,31.1,-0.2231435513142097,47.95,2.34,45.2,0.8,287.0,0.35,1.05,0.0,5.0,7.88,36.99,19.85
93255,Kern,739.0,383.0,36334.0,27.0,7.7,15.0,57.7,0.26236426446749106,85.12,2.07,0.0,1.3,441.0,0.91,4.08,0.23,7.32,8.14,48.04,20.63
93256,Tulare,5900.0,1350.0,70878.0,3.9,2.4,86.8,23.5,3.353406717825807,44.74,2.33,58.7,28.6,4255.0,0.35,1.88,0.56,1.87,8.03,41.41,19.88
93257,Tulare,79340.0,23743.0,58261.0,14.7,2.4,72.1,30.9,4.160444363926624,55.45,2.05,48.6,64.1,55216.0,0.97,2.71,0.55,4.98,7.72,50.91,12.38
93258,Tulare,1241.0,338.0,51214.0,4.7,15.6,79.0,30.7,7.121979168121693,42.6,1.91,33.4,1238.9,2566.0,0.43,1.75,0.31,2.26,8.06,38.17,12.07
93260,Tulare,151.0,60.0,56250.0,12.8,0.0,0.0,56.8,0.5877866649021191,91.67,2.54,25.0,1.8,183.0,0.0,3.83,0.55,0.0,7.8,78.33,36.04
93261,Tulare,2197.0,522.0,51154.0,1.9,1.2,94.7,26.4,4.585987366571318,43.3,1.91,64.9,98.1,1634.0,0.06,1.53,0.67,0.67,8.22,43.3,11.13
93262,Tulare,15.0,0.0,,0.0,0.0,100.0,,-2.3025850929940455,,,0.0,0.1,43.0,2.33,9.3,4.65,0.0,7.12,,56.02
93263,Kern,23423.0,6195.0,66774.0,11.1,1.2,79.5,28.1,4.601162164590552,63.45,2.07,56.6,99.6,19755.0,2.15,3.45,0.75,8.67,6.99,60.31,1.79
93265,Tulare,3532.0,1287.0,103672.0,42.6,5.8,22.2,39.8,1.2809338454620642,94.25,2.51,26.7,3.6,3752.0,1.6,4.0,1.01,6.67,7.17,90.68,21.31
93266,Kings,1672.0,358.0,60888.0,3.0,0.0,74.5,26.7,2.4423470353692043,54.47,2.66,53.6,11.5,1188.0,0.42,2.69,0.59,1.85,8.04,49.72,16.43
93267,Tulare,5879.0,1506.0,44786.0,5.4,0.3,77.1,29.1,3.4242626545931514,63.35,2.52,59.8,30.7,4741.0,0.53,2.07,0.51,2.86,7.93,50.4,6.17
93268,Kern,16956.0,5724.0,55473.0,8.8,0.3,43.9,31.3,5.07829394257007,49.06,1.63,38.5,160.5,11442.0,0.52,2.27,0.38,2.26,7.76,39.66,22.94
93270,Tulare,5703.0,1604.0,76795.0,5.8,0.6,64.0,37.2,3.56953269648137,67.21,2.8,40.5,35.5,4789.0,0.67,1.86,0.4,5.53,7.95,46.51,13.79
93271,Tulare,2218.0,1106.0,83810.0,54.5,4.5,15.1,53.2,0.7884573603642703,68.63,1.98,29.6,2.2,1849.0,2.06,8.49,1.14,11.9,7.59,67.81,40.09
93272,Tulare,4359.0,1073.0,58564.0,5.1,0.0,86.7,27.1,2.990719731730447,32.9,2.67,63.3,19.9,3110.0,0.55,1.54,0.13,2.49,7.79,30.94,14.59
93274,Tulare,79154.0,23127.0,69905.0,10.9,2.5,63.7,29.7,4.95723451736914,57.61,2.15,48.9,142.2,58714.0,1.27,3.09,0.55,5.87,7.43,54.9,3.54
93276,Kern,175.0,60.0,,13.9,0.0,9.1,36.6,4.220977213155467,65.0,1.44,30.0,68.1,190.0,0.0,1.58,0.0,0.0,7.91,50.0,6.65
93277,Tulare,53406.0,18347.0,79532.0,23.1,3.9,48.2,35.2,6.2482362794021755,60.54,2.05,38.8,517.1,36555.0,1.69,4.66,0.67,7.72,7.44,57.31,0.21
93280,Kern,27266.0,6299.0,55060.0,7.9,0.8,86.4,30.5,3.487375077903208,58.68,2.03,50.8,32.7,16898.0,0.77,2.28,0.56,4.19,7.77,56.09,11.72
93283,Kern,2129.0,992.0,33100.0,6.7,0.0,10.7,57.4,1.3862943611198906,82.06,1.82,24.9,4.0,1532.0,0.59,3.66,0.52,3.12,8.16,26.51,39.73
93285,Kern,2415.0,1357.0,39844.0,12.6,0.0,18.8,59.7,2.9231615807191558,73.18,1.62,6.4,18.6,2067.0,0.82,3.68,0.73,5.26,7.92,29.99,49.56
93286,Tulare,10516.0,2987.0,47242.0,11.7,0.8,78.7,32.3,3.86702563949741,53.2,2.03,45.9,47.8,7711.0,0.71,2.7,0.53,4.71,7.78,50.28,21.54
93287,Kern,134.0,60.0,70625.0,0.0,0.0,22.4,48.5,-0.10536051565782628,98.33,2.3,11.7,0.9,157.0,0.64,2.55,0.64,0.0,7.92,68.33,32.25
93291,Tulare,63049.0,19017.0,81502.0,23.8,9.2,52.7,32.7,5.651084685655752,59.59,2.09,46.1,284.6,48275.0,2.61,4.59,0.89,9.89,7.02,57.05,3.66
93292,Tulare,45523.0,14331.0,80784.0,18.2,2.8,56.5,32.6,5.073923033332174,62.24,2.14,41.0,159.8,34579.0,1.52,4.5,0.72,6.29,7.25,60.11,7.39
93301,Kern,14026.0,5730.0,40725.0,19.7,1.5,45.0,34.3,7.36486362024214,38.67,1.36,30.5,1579.5,13179.0,1.56,3.68,0.74,5.05,6.71,30.56,1.22
93304,Kern,51457.0,15599.0,51627.0,11.1,3.0,71.2,29.8,7.849596791700297,43.45,1.77,41.5,2564.7,29151.0,0.75,2.98,0.49,4.84,8.03,38.35,2.94
93305,Kern,36998.0,11224.0,41290.0,9.2,0.4,75.7,29.9,7.860262214989275,34.12,1.65,42.9,2592.2,19090.0,0.75,2.62,0.52,5.26,8.05,33.14,1.05
93306,Kern,73370.0,22238.0,66988.0,18.2,2.4,67.2,32.4,5.7551091018215415,63.32,1.99,44.7,315.8,49233.0,1.66,4.18,0.67,7.98,7.38,59.19,11.37
93307,Kern,88233.0,23128.0,52572.0,7.0,2.6,80.3,27.6,5.468903667123571,46.88,1.96,53.9,237.2,58220.0,0.76,2.48,0.39,4.75,7.74,43.4,10.37
93308,Kern,55788.0,20073.0,59511.0,17.7,2.5,32.1,36.6,4.220977213155467,49.16,1.71,31.5,68.1,39579.0,1.36,3.25,0.55,5.77,7.24,44.54,15.56
93309,Kern,63989.0,22286.0,62143.0,19.9,3.6,53.9,31.5,7.729867190823081,48.32,1.77,38.4,2275.3,38367.0,1.67,4.43,0.59,7.13,7.22,44.12,2.7
93311,Kern,52505.0,16778.0,117591.0,38.9,16.9,38.2,32.8,4.774912960575186,70.79,2.16,41.9,118.5,42337.0,4.78,6.47,1.22,14.26,6.47,70.37,10.63
93312,Kern,58265.0,18382.0,112654.0,34.0,6.0,32.6,34.6,7.302698559630719,78.22,2.23,42.8,1484.3,43588.0,2.75,5.56,1.0,9.83,6.8,77.15,2.48
93313,Kern,60331.0,16615.0,93396.0,21.5,13.1,57.1,31.7,5.462135451777431,77.72,2.32,51.4,235.6,49476.0,2.4,4.93,0.71,8.8,6.7,74.0,7.57
93314,Kern,34997.0,10980.0,127911.0,36.4,7.7,24.6,35.4,4.91705694713669,84.4,2.48,40.9,136.6,31762.0,3.44,5.06,1.08,10.57,6.46,81.58,9.36
93401,San Luis Obispo,29995.0,13460.0,95386.0,56.8,4.1,17.9,35.8,5.128121989551922,47.4,1.83,18.0,168.7,26952.0,6.56,8.39,2.2,22.24,7.06,40.44,1.79
93402,San Luis Obispo,15085.0,6232.0,103839.0,50.1,3.8,19.0,47.4,5.160777952525975,69.74,2.02,25.4,174.3,12727.0,4.28,8.4,2.05,19.77,7.74,62.61,2.41
93405,San Luis Obispo,23856.0,8558.0,52481.0,52.0,5.9,14.8,22.7,4.646312129319266,32.71,2.12,11.5,104.2,12362.0,6.11,9.46,2.18,20.16,7.08,28.03,5.75
93410,San Luis Obispo,7038.0,0.0,,24.4,16.8,22.9,19.2,11.07301486417384,,,0.0,64409.4,70.0,2.86,7.14,4.29,15.38,7.8,,1.42
93420,San Luis Obispo,32016.0,12642.0,106718.0,43.7,3.3,17.4,45.4,4.175924549214524,66.18,2.16,27.4,65.1,28359.0,4.2,7.32,1.76,15.93,7.31,56.46,12.65
93422,San Luis Obispo,33512.0,13106.0,89916.0,31.1,2.0,21.7,41.3,5.354224998486333,64.85,2.24,28.5,211.5,29042.0,3.3,6.2,1.14,15.37,7.6,59.06,3.26
93424,San Luis Obispo,1026.0,514.0,,77.6,0.0,9.5,59.5,4.821087692210561,81.32,1.92,0.0,124.1,1208.0,7.45,10.51,3.56,24.23,6.8,75.88,6.88
93426,Monterey,1509.0,547.0,103317.0,23.3,0.1,14.7,38.6,0.9555114450274363,68.56,2.55,24.7,2.6,1197.0,2.09,3.93,1.09,11.26,7.46,49.73,14.74
93428,San Luis Obispo,6269.0,2912.0,89225.0,43.8,1.1,28.9,60.7,3.4307561839036995,77.58,1.89,16.5,30.9,6179.0,3.82,8.35,2.06,17.09,7.45,76.61,29.8
93430,San Luis Obispo,3257.0,1590.0,86354.0,43.4,1.4,17.6,60.2,2.803360380906535,59.94,2.29,10.9,16.5,2750.0,4.15,7.27,1.64,18.68,7.47,53.08,15.59
93432,San Luis Obispo,1229.0,464.0,120200.0,46.0,0.5,14.1,55.4,1.6486586255873816,83.62,2.71,34.9,5.2,1631.0,2.39,4.23,1.16,10.11,7.48,53.66,17.37
93433,San Luis Obispo,12684.0,4973.0,82534.0,26.9,2.1,37.9,40.5,7.668888157333177,55.4,2.03,33.4,2140.7,10374.0,2.96,6.55,1.13,13.7,7.57,51.12,0.75
93442,San Luis Obispo,11336.0,5227.0,92163.0,45.3,4.7,12.8,53.2,4.547541073151455,61.05,1.84,16.0,94.4,9827.0,3.36,7.72,1.73,14.37,7.61,52.82,5.13
93444,San Luis Obispo,21495.0,7671.0,105655.0,34.3,3.1,44.1,44.0,4.787491742782046,73.97,2.34,30.6,120.0,21889.0,3.59,6.51,1.54,13.94,7.24,67.37,9.15
93445,San Luis Obispo,6812.0,2912.0,75012.0,17.9,0.9,43.6,46.0,4.921439715291784,60.58,2.06,25.8,137.2,5418.0,2.05,6.05,1.05,11.93,7.74,45.71,9.94
93446,San Luis Obispo,45859.0,17423.0,94512.0,30.0,2.7,30.3,41.3,3.728100167267218,68.36,2.15,30.7,41.6,41849.0,2.46,5.05,1.06,10.76,7.4,62.85,5.19
93449,San Luis Obispo,8024.0,4112.0,112913.0,50.1,3.1,11.7,55.5,5.589493328254074,67.05,1.95,12.3,267.6,7354.0,6.72,8.57,2.38,20.14,7.0,48.83,1.37
93450,Monterey,740.0,171.0,,6.9,0.0,70.0,25.4,0.47000362924573563,58.48,2.77,71.9,1.6,564.0,0.35,1.95,0.35,4.17,7.96,58.48,11.42
93451,Monterey,5007.0,1554.0,91250.0,24.3,0.7,55.1,35.7,1.33500106673234,65.12,2.41,36.2,3.8,4468.0,1.45,4.01,0.69,8.52,7.69,61.9,16.98
93452,San Luis Obispo,301.0,173.0,54705.0,4.1,0.0,62.1,59.3,0.0,40.46,1.88,0.0,1.0,558.0,2.33,6.09,0.0,18.97,7.97,11.56,40.49
93453,San Luis Obispo,2003.0,1027.0,70288.0,39.0,0.0,12.1,61.3,0.1823215567939546,56.09,1.91,6.9,1.2,2809.0,2.35,5.52,0.89,10.93,7.6,46.74,38.84
93461,San Luis Obispo,1353.0,443.0,88774.0,10.2,0.0,51.0,36.7,0.4054651081081644,82.84,2.69,30.5,1.5,1339.0,1.12,3.88,0.45,5.63,7.74,80.59,7.37
93465,San Luis Obispo,10248.0,3891.0,120843.0,47.2,1.2,15.8,46.5,3.8133070324889884,77.08,2.42,29.9,45.3,10556.0,3.72,5.49,1.36,15.58,7.28,73.12,3.07
93501,Kern,5944.0,2153.0,55372.0,6.9,1.0,47.5,37.4,2.631888840136646,45.29,1.91,28.8,13.9,3856.0,1.35,3.66,0.47,7.79,7.65,31.63,6.78
93505,Kern,14767.0,4647.0,55010.0,11.2,1.5,40.0,33.8,4.289088639014612,57.37,2.02,38.3,72.9,8398.0,1.81,4.51,0.7,6.95,7.3,55.22,20.61
93512,Mono,297.0,175.0,65158.0,19.0,0.0,6.1,54.2,-0.10536051565782628,85.71,2.28,6.9,0.9,241.0,0.0,2.49,1.24,0.0,7.01,21.71,44.72
93513,Inyo,1525.0,681.0,54485.0,18.7,0.9,14.5,48.0,-0.10536051565782628,76.36,1.83,22.9,0.9,1827.0,0.82,5.2,0.44,4.64,7.53,47.58,21.41
93514,Mono,14961.0,6022.0,81695.0,37.1,1.7,25.4,44.4,1.6486586255873816,72.38,2.02,21.4,5.2,14807.0,1.15,5.19,0.73,5.27,7.46,52.31,13.89
93516,Kern,2742.0,1022.0,71250.0,22.0,3.8,34.6,33.2,4.063885354737392,58.81,1.95,22.5,58.2,1390.0,2.01,3.88,0.65,9.95,7.12,50.29,3.67
93517,Mono,513.0,164.0,98882.0,16.9,2.7,34.9,27.9,-1.2039728043259361,92.68,2.25,15.2,0.3,1092.0,1.28,2.11,0.18,3.36,7.16,23.17,6.54
93518,Kern,1115.0,458.0,63095.0,36.5,0.4,11.2,51.7,0.3364722366212129,86.9,2.42,24.5,1.4,868.0,0.69,3.69,0.46,5.81,7.39,47.82,25.23
93519,Kern,0.0,0.0,,0.0,0.0,0.0,,,,,0.0,0.0,57.0,1.75,3.51,0.0,0.0,6.54,,33.81
93522,Inyo,74.0,29.0,,8.1,0.0,0.0,63.6,-0.5108256237659907,100.0,4.5,0.0,0.6,49.0,0.0,2.04,2.04,,8.85,20.69,36.4
93523,Kern,3681.0,1296.0,66583.0,32.4,2.9,13.4,26.0,2.667228206581955,24.0,1.83,52.0,14.4,1361.0,4.78,5.8,1.32,19.59,6.83,18.83,20.79
93524,Kern,63.0,0.0,,0.0,12.7,36.5,21.8,2.5416019934645457,,,0.0,12.7,132.0,0.0,3.79,0.76,0.0,6.47,,25.53
93526,Inyo,912.0,361.0,61563.0,21.4,0.0,13.6,47.0,0.9555114450274363,73.41,2.04,22.2,2.6,947.0,0.63,4.54,0.42,2.97,7.13,66.76,15.62
93527,Tulare,1801.0,808.0,82667.0,35.9,0.7,9.1,57.1,0.26236426446749106,82.3,2.26,19.6,1.3,1979.0,0.61,4.09,0.71,1.19,7.72,55.57,26.03
93528,Kern,77.0,26.0,,23.4,100.0,0.0,50.1,1.9740810260220096,100.0,2.23,0.0,7.2,132.0,0.0,2.27,0.76,0.0,8.1,100.0,28.09
93529,Mono,209.0,103.0,40703.0,36.6,0.0,0.0,61.2,0.8754687373538999,49.51,1.34,0.0,2.4,788.0,0.51,4.57,1.14,3.06,7.2,49.51,15.79
93530,Inyo,21.0,21.0,,0.0,0.0,0.0,,2.388762789235098,0.0,1.24,0.0,10.9,71.0,0.0,1.41,1.41,0.0,8.61,0.0,22.08
93531,Kern,497.0,215.0,104044.0,52.3,3.2,15.7,64.9,1.7227665977411035,100.0,2.27,11.6,5.6,589.0,4.07,5.6,0.68,14.29,6.83,77.21,14.99
93541,Mono,889.0,313.0,117719.0,70.3,0.0,30.9,38.9,0.0,87.22,2.92,38.3,1.0,577.0,1.73,5.37,0.87,9.09,7.61,87.22,3.88
93545,Inyo,1394.0,671.0,49635.0,13.1,0.4,28.6,48.2,1.62924053973028,57.68,1.71,22.4,5.1,2001.0,1.0,3.65,0.9,5.88,7.74,37.85,5.19
93546,Mono,8803.0,3838.0,96481.0,31.1,2.7,25.9,38.3,2.970414465569701,64.67,1.9,29.5,19.5,9224.0,1.4,4.11,0.86,6.27,7.08,46.48,11.65
93549,Inyo,244.0,137.0,73125.0,9.4,2.9,18.9,60.5,-1.2039728043259361,61.31,2.21,0.0,0.3,367.0,0.27,3.54,0.27,0.0,8.11,40.88,9.82
93554,Kern,102.0,52.0,,8.8,0.0,0.0,70.9,-0.6931471805599453,100.0,1.0,0.0,0.5,22.0,0.0,9.09,0.0,0.0,7.83,100.0,24.83
93555,Kern,33629.0,13073.0,84141.0,30.5,3.6,19.8,35.9,5.080783053998338,62.73,1.86,32.9,160.9,24602.0,1.41,5.41,0.8,6.4,7.48,53.59,2.33
93560,Kern,21537.0,6825.0,76204.0,17.4,2.9,44.7,30.6,3.9589065913269965,78.2,2.13,45.5,52.4,16479.0,2.09,4.59,0.68,9.06,7.26,63.02,23.89
93561,Kern,31179.0,12284.0,86149.0,27.7,2.3,23.8,42.5,3.8155121050473024,78.97,2.27,27.7,45.4,26895.0,2.0,4.6,0.81,8.61,7.35,74.72,3.9
93601,Madera,1248.0,568.0,76429.0,18.7,0.0,12.6,60.0,2.3702437414678603,97.18,2.46,13.9,10.7,1710.0,1.46,3.92,0.47,10.5,7.55,90.14,10.28
93602,Fresno,3091.0,1110.0,74965.0,17.5,0.2,9.9,50.6,2.1041341542702074,84.5,2.37,23.2,8.2,3069.0,0.91,2.67,0.65,5.01,7.36,70.54,38.52
93603,Tulare,177.0,106.0,63125.0,20.9,0.0,0.0,65.6,0.47000362924573563,44.34,1.67,0.0,1.6,116.0,1.72,5.17,0.0,8.33,8.18,25.47,42.42
93604,Madera,518.0,171.0,181375.0,62.0,0.0,15.1,49.0,0.3364722366212129,100.0,2.32,33.9,1.4,550.0,1.45,4.55,0.73,7.41,6.94,91.23,16.07
93605,Fresno,83.0,31.0,,42.9,0.0,7.2,47.6,4.384523514872469,48.39,2.06,16.1,80.2,191.0,2.62,1.05,5.76,13.79,6.4,48.39,38.08
93606,Fresno,1031.0,261.0,40313.0,17.0,10.1,86.7,25.4,8.633321525475393,51.72,2.16,51.7,5615.7,1072.0,0.19,3.26,0.09,1.47,8.2,51.72,7.78
93608,Fresno,879.0,253.0,40583.0,1.8,0.0,96.9,31.7,1.1314021114911006,34.39,1.81,41.9,3.1,729.0,0.27,1.92,0.41,5.26,8.63,26.09,27.58
93609,Fresno,5071.0,1328.0,68454.0,15.6,1.9,68.5,30.7,3.462606009790799,48.64,2.45,52.7,31.9,4913.0,1.06,2.4,0.59,6.51,8.03,43.07,21.33
93610,Madera,24088.0,5639.0,66567.0,16.1,4.5,49.0,35.2,3.529297384289471,54.5,2.16,43.8,34.1,13979.0,1.45,3.41,0.69,6.61,7.61,52.21,0.28
93611,Fresno,46631.0,15534.0,114677.0,39.7,11.4,30.7,39.7,7.371426400154664,73.5,2.21,37.6,1589.9,38139.0,3.11,5.94,1.05,11.91,7.18,72.72,1.72
93612,Fresno,37790.0,13948.0,64079.0,21.4,11.6,41.1,33.2,7.641900438576155,40.91,1.68,37.0,2083.7,24006.0,1.52,4.47,0.67,6.65,7.49,34.79,1.16
93614,Madera,11144.0,4197.0,87393.0,26.6,0.8,14.5,43.8,3.6136169696133895,86.75,2.33,26.7,37.1,10051.0,1.7,4.75,0.87,8.17,7.56,79.03,8.83
93615,Tulare,5665.0,1429.0,61107.0,6.8,1.4,94.9,26.9,4.851248708584797,46.19,2.34,54.9,127.9,3879.0,0.36,1.68,0.31,2.85,8.32,43.39,16.22
93616,Fresno,2173.0,598.0,56667.0,8.3,5.8,86.4,28.3,4.11251186617755,55.35,2.21,59.9,61.1,1925.0,1.19,2.55,0.57,7.95,7.85,52.51,9.19
93618,Tulare,32223.0,8604.0,63190.0,14.0,0.8,86.5,30.0,5.2225156531317545,60.07,2.09,56.2,185.4,23608.0,0.93,2.85,0.47,5.62,7.81,58.41,11.85
93619,Fresno,53381.0,16353.0,138648.0,46.6,15.0,22.9,35.2,4.73795129722191,87.37,2.32,46.3,114.2,44395.0,6.12,7.55,1.53,17.87,6.42,86.49,13.82
93620,Merced,10173.0,3376.0,49890.0,10.9,2.5,72.4,36.1,3.095577608523707,49.91,1.91,38.7,22.1,8225.0,0.77,2.59,0.51,3.71,7.9,46.59,22.14
93621,Fresno,345.0,140.0,149750.0,13.3,4.6,24.9,52.6,0.6418538861723947,100.0,2.14,22.9,1.9,407.0,1.47,3.19,0.49,3.03,7.67,16.43,46.86
93622,Fresno,9683.0,2839.0,46510.0,4.2,0.1,94.0,32.8,2.3513752571634776,45.86,1.78,54.4,10.5,8332.0,0.62,2.65,0.79,2.7,8.13,44.87,19.2
93623,Mariposa,4.0,0.0,,25.0,25.0,75.0,,-2.3025850929940455,,,0.0,0.1,191.0,0.52,3.14,0.52,12.5,8.19,,2.35
93624,Fresno,764.0,186.0,39444.0,0.0,0.0,86.6,37.2,0.9555114450274363,17.2,1.69,44.6,2.6,664.0,0.15,0.75,0.15,1.2,7.82,12.37,18.97
93625,Fresno,8889.0,2841.0,64792.0,25.1,10.2,68.9,35.1,4.9141243937154115,54.66,2.13,43.3,136.2,8127.0,2.3,4.87,0.64,8.49,7.04,53.47,6.34
93626,Madera,3039.0,1132.0,149565.0,46.7,6.1,15.6,38.3,2.4069451083182885,94.52,2.21,31.4,11.1,2371.0,6.16,5.74,1.48,16.91,6.21,81.71,10.7
93627,Fresno,295.0,70.0,85347.0,0.0,0.0,100.0,17.7,1.1631508098056809,0.0,3.09,85.7,3.2,199.0,0.5,2.01,0.5,0.0,7.65,0.0,29.07
93628,Fresno,397.0,218.0,,27.9,7.1,19.4,27.0,1.4350845252893227,17.89,1.12,11.9,4.2,151.0,0.66,4.64,1.32,9.09,8.12,17.89,58.79
93630,Fresno,21352.0,6044.0,60388.0,14.5,5.1,79.2,30.7,3.9454577815143836,51.79,2.2,50.7,51.7,16906.0,1.01,2.66,0.55,5.72,7.7,47.52,21.58
93631,Tulare,16656.0,5804.0,81226.0,21.5,6.0,43.2,40.7,4.373238128640803,70.16,2.03,31.4,79.3,14656.0,1.77,3.92,0.63,7.62,7.28,65.87,4.29
93633,Tulare,32.0,32.0,,100.0,0.0,0.0,,-0.5108256237659907,100.0,4.5,0.0,0.6,23.0,0.0,4.35,0.0,0.0,8.2,100.0,39.54
93634,Fresno,25.0,0.0,,15.0,0.0,28.0,28.2,,,,0.0,0.0,29.0,0.0,0.0,0.0,0.0,10.31,,41.15
93635,Merced,49232.0,14164.0,70666.0,13.2,2.4,72.6,30.6,4.259859000699674,57.62,2.1,44.2,70.8,40633.0,1.91,4.45,0.69,10.07,7.67,55.92,3.2
93636,Madera,14777.0,4404.0,124024.0,38.6,3.9,41.2,37.7,3.367295829986474,88.33,2.39,40.3,29.0,19299.0,4.82,5.59,1.13,17.21,6.67,86.06,15.09
93637,Madera,42278.0,12047.0,74621.0,13.3,2.5,74.2,33.0,4.100989104940769,57.79,2.16,44.7,60.4,31893.0,1.41,3.71,0.66,7.27,7.63,56.75,11.06
93638,Madera,51502.0,12116.0,60031.0,8.0,1.7,83.1,29.0,5.326904823399949,53.62,2.12,56.0,205.8,36013.0,0.87,2.92,0.51,5.58,8.09,51.16,7.32
93640,Fresno,14507.0,3416.0,46042.0,4.5,0.5,95.0,27.5,3.8877303128591016,45.49,2.02,62.1,48.8,10493.0,0.31,1.49,0.47,1.67,8.61,44.03,23.53
93641,Fresno,271.0,116.0,,14.2,0.4,22.1,48.7,1.1939224684724346,56.9,1.71,12.1,3.3,317.0,0.95,4.42,0.95,5.0,7.98,43.97,44.82
93643,Madera,2778.0,1213.0,67612.0,19.8,0.2,8.6,61.0,2.151762203259462,80.13,2.32,11.7,8.6,2776.0,1.44,3.13,0.58,8.58,7.72,47.9,19.98
93644,Madera,6490.0,2773.0,75241.0,26.0,0.8,11.7,58.1,3.3105430133940246,79.05,2.25,17.3,27.4,7493.0,1.41,3.54,0.56,8.59,7.63,64.08,5.27
93645,Madera,1082.0,293.0,77138.0,1.0,0.0,49.7,18.9,2.066862759472976,58.7,3.52,75.1,7.9,382.0,1.05,3.14,0.79,11.11,7.4,38.57,9.46
93646,Tulare,10047.0,2594.0,39632.0,11.4,0.8,94.7,28.2,4.513054897080286,43.75,1.76,55.4,91.2,7457.0,0.47,2.01,0.23,3.72,8.24,42.71,28.03
93647,Tulare,11370.0,2842.0,49275.0,6.8,6.5,87.3,31.2,3.720862499966987,54.33,2.29,58.2,41.3,8134.0,0.53,2.11,0.49,3.82,8.17,46.66,28.46
93648,Fresno,15108.0,3781.0,51834.0,5.9,0.4,96.9,27.6,5.540478923698008,45.17,1.92,57.6,254.8,10938.0,0.84,2.08,0.25,4.82,8.07,43.51,10.59
93650,Fresno,2969.0,1022.0,49877.0,11.7,6.0,76.7,34.1,7.796510360661771,35.91,1.54,39.4,2432.1,2786.0,1.79,5.24,0.32,5.03,7.06,25.83,0.65
93651,Fresno,1441.0,545.0,93036.0,38.3,1.0,17.7,30.6,2.9856819377004897,61.47,1.67,29.5,19.8,1677.0,0.95,3.28,0.95,3.85,7.37,49.54,23.39
93652,Fresno,314.0,107.0,44957.0,5.7,0.0,95.2,40.5,4.039536325727106,75.7,2.32,28.0,56.8,437.0,0.0,1.14,0.69,0.0,8.53,49.53,16.93
93653,Madera,1314.0,516.0,103750.0,28.1,0.8,13.3,48.7,0.7419373447293773,85.08,2.87,32.0,2.1,969.0,1.44,2.79,0.83,6.06,7.69,74.81,22.96
93654,Fresno,31905.0,9097.0,67471.0,17.4,2.0,75.2,33.4,4.817050545023591,56.22,2.15,48.6,123.6,24009.0,1.13,3.18,0.64,5.54,7.68,52.75,21.88
93656,Fresno,6224.0,1592.0,64481.0,6.3,0.1,76.0,30.9,3.077312260546414,46.8,2.65,55.7,21.7,5291.0,0.51,2.19,0.32,3.47,7.83,46.29,21.01
93657,Fresno,36536.0,10693.0,77655.0,15.5,4.8,67.6,33.5,4.169761201506855,67.69,2.22,42.9,64.7,29948.0,1.57,3.19,0.59,7.65,7.59,64.19,23.11
93660,Fresno,4062.0,978.0,54318.0,2.2,0.0,93.8,26.1,2.9496883350525844,37.22,1.91,60.6,19.1,3133.0,0.22,1.72,0.57,0.46,8.32,35.99,33.82
93662,Fresno,29499.0,9187.0,56735.0,12.6,3.2,79.1,33.9,4.972587226458726,58.17,2.1,41.8,144.4,24482.0,0.98,2.93,0.4,5.85,7.83,52.54,4.01
93664,Fresno,328.0,179.0,142292.0,52.7,0.6,17.1,66.9,-0.5108256237659907,86.03,1.92,1.7,0.6,607.0,3.13,2.31,0.16,15.69,6.53,86.03,42.89
93665,Merced,422.0,128.0,,0.0,0.0,79.6,28.0,5.279644101282416,42.97,1.5,32.0,196.3,411.0,0.0,2.68,0.0,0.0,8.64,42.97,16.39
93666,Tulare,696.0,172.0,39531.0,3.0,0.0,91.2,28.3,6.511745329644728,20.93,2.1,64.0,673.0,507.0,0.2,2.17,0.39,0.0,8.91,20.93,17.35
93667,Fresno,2118.0,840.0,68900.0,23.5,5.6,14.8,45.5,1.9878743481543455,85.12,2.14,24.4,7.3,2048.0,1.22,3.22,0.39,7.84,7.65,64.4,35.78
93668,Fresno,806.0,275.0,61691.0,7.4,0.0,86.6,42.5,2.1972245773362196,66.55,2.13,29.1,9.0,925.0,0.43,2.05,0.32,2.6,7.96,66.55,30.18
93669,Madera,297.0,60.0,78125.0,4.0,0.0,5.1,57.8,2.72785282839839,100.0,3.52,45.0,15.3,219.0,0.46,3.2,0.0,4.17,7.71,100.0,10.75
93673,Tulare,354.0,105.0,56458.0,6.0,0.0,74.3,40.7,5.568344503761097,66.67,2.5,32.4,262.0,708.0,0.71,1.69,0.28,3.51,7.93,51.43,0.79
93675,Fresno,3739.0,1207.0,80508.0,28.2,10.8,39.3,47.7,2.91235066461494,81.28,2.62,24.9,18.4,3014.0,0.7,3.95,0.7,4.47,8.08,61.47,40.12
93701,Fresno,10258.0,3525.0,32192.0,7.2,4.2,77.0,31.7,7.847176428245146,10.89,1.42,37.2,2558.5,5668.0,0.6,2.28,0.67,4.62,8.51,10.21,1.2
93702,Fresno,45241.0,12789.0,44849.0,8.9,10.4,75.4,29.7,8.024894872264131,34.16,1.78,45.6,3056.1,27677.0,0.66,2.54,0.51,5.31,8.42,32.69,1.54
93703,Fresno,34166.0,10504.0,43236.0,9.3,13.5,63.0,30.2,7.96102146588337,39.6,1.77,41.1,2867.0,20493.0,0.71,3.06,0.5,4.82,8.16,38.8,2.95
93704,Fresno,29172.0,11632.0,69659.0,34.8,4.0,45.0,37.7,7.615938844368196,54.29,1.76,31.1,2030.3,18691.0,2.48,6.62,1.09,10.78,7.54,51.99,2.37
93705,Fresno,37940.0,12795.0,55152.0,15.6,6.0,62.0,32.3,8.03167787560641,48.47,1.71,38.7,3076.9,21760.0,1.14,3.79,0.54,6.92,8.0,45.13,3.11
93706,Fresno,40635.0,11624.0,40023.0,9.2,7.9,64.7,30.4,4.5591262474866845,37.41,1.78,44.3,95.5,29679.0,0.78,2.48,0.35,4.09,7.75,35.44,12.82
93710,Fresno,32579.0,12111.0,62294.0,30.3,8.2,38.0,31.4,7.481104896086487,43.15,1.8,29.9,1774.2,18084.0,2.02,5.66,0.97,9.09,7.53,42.32,0.99
93711,Fresno,39360.0,16133.0,97492.0,46.3,9.0,27.8,39.9,7.173805051306804,63.74,1.89,26.2,1304.8,31385.0,3.46,7.24,1.18,11.18,6.74,62.63,2.55
93720,Fresno,49463.0,18758.0,103636.0,47.1,16.0,27.7,37.1,7.552447239272679,57.2,1.91,30.5,1905.4,34625.0,4.3,7.24,1.31,15.39,7.0,54.49,1.18
93721,Fresno,7606.0,2410.0,32602.0,12.5,2.4,56.6,36.0,7.33400292627283,8.22,0.83,15.6,1531.5,4402.0,4.11,2.43,0.61,14.25,6.84,4.81,1.4
93722,Fresno,84500.0,26717.0,77335.0,23.2,14.8,49.8,32.5,7.43855998506344,60.59,2.02,41.8,1700.3,64985.0,1.97,5.89,0.72,8.08,7.16,58.03,0.89
93723,Fresno,14158.0,3693.0,116295.0,25.2,19.7,46.4,32.1,4.847331743138063,80.86,2.54,50.4,127.4,13922.0,3.95,7.02,0.88,12.49,6.42,79.75,5.47
93725,Fresno,25520.0,6672.0,71099.0,13.2,17.5,64.1,31.5,5.01926462079431,64.24,2.19,43.9,151.3,22260.0,1.12,2.8,0.44,5.08,7.47,54.68,9.82
93726,Fresno,44766.0,15054.0,51913.0,17.2,8.1,58.0,30.6,7.854148354672736,38.18,1.72,36.1,2576.4,24234.0,1.17,4.13,0.51,6.95,7.96,36.1,1.93
93727,Fresno,83630.0,24660.0,82247.0,23.9,27.2,45.9,31.6,6.880692359432448,62.97,2.04,47.2,973.3,63503.0,2.42,5.95,0.74,10.43,7.22,59.17,2.31
93728,Fresno,18077.0,6462.0,52809.0,18.0,3.6,70.0,33.6,7.688317921545032,40.71,1.72,33.1,2182.7,9840.0,1.37,3.86,0.76,7.86,7.98,35.62,0.72
93730,Fresno,13021.0,4852.0,143320.0,63.8,22.6,16.6,43.2,6.385025750713322,80.96,2.03,32.4,592.9,11709.0,8.79,7.49,2.02,21.55,6.21,80.96,3.66
93901,Monterey,29480.0,10756.0,91639.0,28.7,4.5,61.8,36.9,6.636602508481567,45.73,1.8,31.9,762.5,23683.0,1.89,4.99,0.68,8.06,7.49,43.77,2.33
93905,Monterey,64596.0,14056.0,75716.0,6.6,3.2,93.6,28.5,7.899413189876176,41.73,2.36,62.5,2695.7,48301.0,0.89,3.16,0.29,6.44,8.03,38.48,2.82
93906,Monterey,64592.0,17964.0,96044.0,17.2,6.9,75.9,33.5,7.567242258049447,54.39,2.21,44.7,1933.8,47356.0,1.7,4.21,0.51,8.48,7.73,48.64,1.63
93907,Monterey,24922.0,7234.0,103268.0,21.6,7.7,57.5,37.6,5.184588601219693,68.29,2.55,38.5,178.5,21920.0,2.29,4.93,0.83,10.03,7.48,61.6,3.6
93908,Monterey,12517.0,4365.0,164554.0,56.3,7.6,29.4,42.7,3.104586678466073,83.05,2.51,33.5,22.3,12988.0,4.98,6.13,1.6,15.99,6.85,81.86,2.88
93920,Monterey,1564.0,517.0,72540.0,37.4,0.0,43.9,36.0,0.47000362924573563,37.52,2.01,34.0,1.6,1097.0,1.73,4.38,1.0,11.11,7.64,32.69,22.17
93921,Monterey,2459.0,1455.0,87457.0,75.2,3.1,2.6,70.3,6.892540113175657,52.65,1.4,4.1,984.9,2712.0,6.19,6.6,1.81,18.08,7.19,52.65,2.95
93923,Monterey,12377.0,5478.0,122500.0,65.1,6.9,11.1,60.4,3.586292865338835,75.56,1.91,19.5,36.1,10338.0,9.0,8.08,3.34,25.54,6.7,72.27,14.32
93924,Monterey,6046.0,2627.0,162656.0,57.0,0.7,6.9,57.0,2.509599262378372,80.36,2.19,21.3,12.3,6268.0,7.24,7.4,2.6,23.64,6.91,74.65,22.03
93925,Monterey,1320.0,342.0,70909.0,8.7,0.3,87.5,34.8,2.2082744135228043,43.86,2.58,49.7,9.1,1395.0,1.0,2.87,0.29,4.55,8.06,43.86,18.04
93926,Monterey,8998.0,2399.0,77418.0,8.9,1.0,92.9,28.2,4.070734696582967,55.69,2.3,54.6,58.6,7950.0,1.09,2.93,0.21,5.15,7.79,54.52,12.78
93927,Monterey,21131.0,4737.0,77272.0,8.6,1.0,94.2,27.9,3.4307561839036995,51.26,2.41,62.5,30.9,14969.0,0.85,2.87,0.25,6.53,8.17,49.99,15.9
93928,Monterey,1084.0,0.0,,36.9,6.6,16.8,24.2,3.0819099697950434,,,0.0,21.8,119.0,1.68,7.56,1.68,0.0,6.29,,21.41
93930,Monterey,17124.0,4383.0,72555.0,15.4,1.0,84.0,30.2,2.89591193827178,53.25,2.14,51.7,18.1,13526.0,1.01,3.0,0.39,5.26,7.69,44.31,8.64
93932,Monterey,431.0,189.0,95774.0,20.4,0.0,45.2,57.4,0.5306282510621704,87.83,2.61,20.6,1.7,593.0,1.35,4.72,0.67,7.27,7.66,63.49,14.67
93933,Monterey,27617.0,9772.0,92625.0,42.2,13.5,30.0,35.5,6.750282420157573,39.79,1.97,31.6,854.3,20590.0,5.17,7.82,1.34,20.23,7.32,34.49,3.14
93940,Monterey,30951.0,13948.0,110669.0,54.3,6.7,21.3,42.9,6.299867942373015,43.02,1.71,19.7,544.5,23602.0,5.0,8.43,1.89,17.49,7.19,39.06,0.86
93943,Monterey,11.0,5.0,,100.0,0.0,0.0,,3.7909846770510898,0.0,1.0,0.0,44.3,55.0,1.82,1.82,1.82,33.33,9.57,0.0,2.48
93950,Monterey,15003.0,6988.0,105568.0,58.5,7.4,11.8,50.3,7.578298913332229,48.78,1.65,19.2,1955.3,11253.0,5.67,9.81,2.1,21.12,7.29,46.84,0.59
93953,Monterey,3576.0,1674.0,154730.0,70.5,8.6,3.6,60.5,4.987707789452551,85.19,1.97,11.9,146.6,4385.0,9.14,7.5,3.38,22.99,6.53,84.71,1.71
93954,Monterey,269.0,75.0,54450.0,2.4,0.0,82.5,42.4,1.0647107369924282,44.0,2.31,61.3,2.9,241.0,0.41,2.9,0.41,0.0,8.39,44.0,18.04
93955,Monterey,32253.0,10482.0,82331.0,27.6,9.9,45.9,33.7,6.045952732392052,36.87,2.02,34.9,422.4,26076.0,2.62,5.36,0.77,12.47,7.51,35.25,4.43
93960,Monterey,25736.0,4849.0,92504.0,7.4,2.6,79.3,36.2,3.8522730010223722,59.21,2.52,56.3,47.1,16573.0,1.38,3.34,0.33,7.94,7.7,54.71,2.64
93962,Monterey,189.0,110.0,,47.6,0.0,32.8,68.9,6.970542267080901,66.36,2.28,0.0,1064.8,972.0,1.75,3.91,0.41,8.73,7.38,66.36,3.71
94002,San Mateo,27730.0,10608.0,204573.0,68.6,29.4,14.3,40.4,7.518281430853746,56.16,1.88,36.7,1841.4,22457.0,14.03,10.56,2.93,37.65,6.74,50.26,0.63
94005,San Mateo,4718.0,1867.0,151593.0,50.6,32.3,22.7,44.2,6.011022046323513,60.47,1.8,27.9,407.9,4526.0,9.15,12.79,2.36,30.43,7.23,47.4,3.09
94010,San Mateo,42794.0,16252.0,191758.0,69.2,29.5,11.2,42.5,7.227226673923325,60.63,2.0,32.5,1376.4,36406.0,14.23,9.28,3.17,34.43,6.37,56.74,1.86
94014,San Mateo,46269.0,14107.0,115513.0,33.4,54.5,29.8,42.1,7.941722374156716,59.37,1.88,29.6,2812.2,31499.0,5.98,11.07,1.2,24.2,7.25,49.12,1.62
94015,San Mateo,64121.0,20514.0,123552.0,41.0,59.9,15.9,40.9,8.232307206266459,60.45,1.99,27.8,3760.5,42780.0,6.57,13.72,1.6,23.86,7.17,55.45,1.12
94019,San Mateo,14754.0,5299.0,153272.0,53.8,3.9,29.5,45.9,4.663439094112067,76.01,2.13,27.4,106.0,14192.0,6.76,7.37,2.2,25.58,7.34,68.41,1.16
94020,San Mateo,1745.0,762.0,250001.0,76.4,8.1,5.4,52.4,2.509599262378372,79.4,2.16,19.8,12.3,1413.0,6.58,7.71,2.41,25.41,7.53,79.4,13.44
94021,San Mateo,332.0,148.0,209712.0,63.3,8.1,0.0,51.1,3.3463891451671604,74.32,2.13,48.0,28.4,150.0,2.0,8.67,2.67,5.56,7.41,74.32,16.59
94022,Santa Clara,19993.0,7268.0,250001.0,88.7,40.7,4.5,48.3,6.0844994130751715,80.65,2.2,32.7,439.0,17280.0,22.12,8.94,4.05,47.85,6.41,76.02,3.73
94024,Santa Clara,23673.0,8016.0,250001.0,85.1,35.4,5.8,47.8,7.158669627241704,88.11,2.37,37.5,1285.2,19465.0,21.65,9.54,4.28,46.76,6.44,87.84,2.43
94025,San Mateo,40230.0,14318.0,215871.0,73.2,17.5,19.5,38.8,7.1592919047975645,59.39,1.83,35.0,1286.0,32339.0,16.53,9.01,3.34,41.78,6.51,55.45,1.88
94027,San Mateo,7030.0,2275.0,250001.0,86.0,18.5,11.7,49.1,6.306640183868685,87.43,2.64,30.4,548.2,6203.0,21.15,6.37,4.34,41.4,6.04,87.43,2.63
94028,San Mateo,6645.0,2625.0,250001.0,78.0,7.4,12.5,56.4,5.125153747538848,84.57,2.36,18.3,168.2,6128.0,20.27,9.81,4.65,45.04,6.49,82.55,3.29
94030,San Mateo,22589.0,7998.0,157567.0,50.5,48.8,12.1,45.3,7.846668188892572,63.2,2.02,30.8,2557.2,18226.0,11.57,10.69,1.94,36.04,7.0,57.99,0.5
94037,San Mateo,2897.0,1061.0,201367.0,62.1,1.8,17.5,56.0,5.268373490174964,89.54,2.33,20.0,194.1,2472.0,9.87,9.18,3.4,33.94,7.45,89.54,4.28
94038,San Mateo,3016.0,988.0,128333.0,51.1,5.3,29.5,44.3,6.525029657843462,96.56,2.62,33.1,682.0,2566.0,7.48,7.25,2.22,25.41,7.35,75.4,7.97
94040,Santa Clara,35581.0,15347.0,184494.0,77.9,38.0,13.8,34.9,8.10735855079013,36.24,1.59,28.1,3318.8,26105.0,15.62,10.74,2.99,40.55,6.44,29.87,0.79
94041,Santa Clara,15841.0,6652.0,168980.0,72.6,26.8,28.3,33.8,8.291020055541663,30.31,1.5,26.5,3987.9,11589.0,14.65,10.64,2.86,39.44,6.56,21.72,1.13
94043,Santa Clara,32042.0,13257.0,180781.0,71.0,33.4,18.5,36.1,7.066466970136958,45.06,1.64,27.3,1172.0,27470.0,23.25,9.61,2.41,58.39,5.92,34.5,0.64
94044,San Mateo,37540.0,13982.0,156658.0,48.5,20.6,19.3,44.3,6.860454005864124,68.45,2.14,28.1,953.8,30312.0,7.2,9.79,2.04,25.65,7.31,67.19,2.42
94060,San Mateo,1389.0,358.0,111351.0,28.0,0.0,54.0,41.4,1.9740810260220096,60.34,2.69,23.7,7.2,1476.0,1.96,5.35,1.15,9.85,7.81,55.59,23.67
94061,San Mateo,37369.0,13144.0,141599.0,51.4,14.1,37.6,37.6,8.258862780012645,52.94,1.95,35.1,3861.7,28144.0,8.38,8.15,2.16,29.26,7.12,49.14,1.46
94062,San Mateo,25944.0,9740.0,233333.0,67.6,9.0,13.1,44.4,4.923623917106626,71.32,2.24,29.1,137.5,23379.0,14.6,7.84,3.26,38.46,6.71,70.43,9.18
94063,San Mateo,34695.0,11291.0,115528.0,35.1,10.7,64.1,33.2,7.461123017013797,31.49,1.82,30.7,1739.1,29955.0,4.93,7.14,1.18,21.22,7.19,24.4,2.32
94065,San Mateo,11620.0,4617.0,213361.0,81.0,45.4,6.4,42.6,7.3124200669195325,65.76,1.81,33.9,1498.8,10550.0,15.86,8.27,2.84,33.61,6.21,55.49,1.35
94066,San Mateo,42875.0,15463.0,135976.0,43.5,31.5,29.9,39.8,7.8677183393124785,61.8,2.01,28.3,2611.6,33854.0,6.76,10.23,1.57,24.94,7.24,53.93,0.64
94070,San Mateo,30696.0,11331.0,235373.0,68.4,21.7,10.8,41.6,7.500861105361856,69.01,1.99,37.5,1809.6,27725.0,13.97,8.93,3.05,37.25,6.71,63.91,1.0
94074,San Mateo,92.0,39.0,,13.3,0.0,32.6,36.4,0.6931471805599453,64.1,2.71,64.1,2.0,242.0,4.55,4.96,1.65,23.08,7.22,64.1,16.09
94080,San Mateo,65036.0,22033.0,135966.0,40.1,42.1,31.1,42.3,7.834590224731963,60.78,1.98,29.4,2526.5,89203.0,6.88,7.8,1.88,10.35,4.21,54.72,0.93
94085,Santa Clara,23159.0,9112.0,183563.0,62.2,48.2,29.6,32.9,7.951876182361057,39.48,1.75,25.7,2840.9,19574.0,12.85,8.74,1.79,38.07,6.5,32.92,1.61
94086,Santa Clara,48956.0,20166.0,180217.0,70.2,48.5,17.1,33.5,8.392559241748096,30.83,1.56,28.5,4414.1,36112.0,12.71,11.36,2.28,35.84,6.52,25.7,1.02
94087,Santa Clara,58126.0,20384.0,200778.0,76.6,51.6,8.4,38.0,8.099189806609967,55.4,1.87,39.1,3291.8,40509.0,15.61,11.25,2.99,40.7,6.54,52.04,1.32
94089,Santa Clara,23214.0,9129.0,153725.0,56.8,45.4,23.6,35.5,7.3206593161872995,51.04,1.73,23.0,1511.2,17944.0,10.48,9.42,1.78,33.09,6.7,22.55,0.48
94102,San Francisco,34983.0,19543.0,64781.0,42.2,28.5,22.0,41.1,9.880556637245407,8.63,0.4,7.8,19546.6,7956.0,9.09,13.94,2.0,28.55,6.84,1.27,0.17
94103,San Francisco,33524.0,17352.0,122339.0,55.9,31.3,20.0,36.4,9.339041366991916,19.23,0.55,10.5,11373.5,12330.0,10.46,11.19,2.09,28.01,6.43,3.34,0.64
94104,San Francisco,478.0,263.0,49896.0,48.2,38.7,12.8,54.2,8.978383093629889,30.8,0.26,7.6,7929.8,946.0,12.26,4.65,2.43,17.68,5.2,0.0,0.46
94105,San Francisco,14890.0,8316.0,239781.0,84.8,53.5,9.4,34.3,9.927916715792625,37.53,0.86,7.2,20494.6,6252.0,18.71,7.95,3.15,39.01,5.64,4.75,0.16
94107,San Francisco,30190.0,15761.0,186123.0,77.0,31.8,12.9,35.6,8.823309308022552,36.46,0.89,12.1,6790.7,16900.0,15.28,10.98,2.67,35.79,6.2,10.98,0.78
94108,San Francisco,11008.0,6326.0,63864.0,45.3,53.5,7.4,45.8,10.014447362844386,9.14,0.38,9.4,22347.0,3059.0,7.68,13.21,2.58,23.86,6.58,1.14,0.78
94109,San Francisco,54397.0,31899.0,112201.0,65.2,26.5,13.3,38.9,9.734098015553284,18.1,0.58,7.8,16883.6,18163.0,8.32,11.18,2.28,25.47,6.82,2.52,0.81
94110,San Francisco,66687.0,26984.0,152403.0,61.0,15.5,32.1,39.4,9.410059705946558,41.62,1.06,21.2,12210.6,30646.0,8.89,10.51,2.73,29.94,7.17,23.88,0.91
94111,San Francisco,4553.0,2471.0,131343.0,65.3,55.2,2.2,44.4,8.103857188927504,19.67,0.73,15.1,3307.2,2370.0,10.68,9.11,2.62,27.67,6.02,2.47,0.22
94112,San Francisco,80133.0,23274.0,130906.0,36.1,51.3,26.3,41.9,9.122557788592426,67.38,1.69,34.7,9159.6,44446.0,6.97,12.42,1.77,26.11,7.15,64.27,1.15
94114,San Francisco,33627.0,16804.0,196528.0,79.2,13.6,10.0,41.5,9.22427286250634,44.5,1.03,14.0,10140.3,16903.0,13.96,11.41,4.14,36.03,6.6,21.98,1.84
94115,San Francisco,32715.0,16725.0,154264.0,73.6,19.9,10.6,37.5,9.39921540773998,24.79,0.85,12.6,12078.9,15618.0,9.8,10.58,2.83,26.58,6.63,8.87,0.6
94116,San Francisco,42523.0,15355.0,152587.0,57.0,54.7,6.8,45.4,8.849442237193143,73.99,1.62,26.0,6970.5,26099.0,9.98,13.85,2.59,32.07,7.01,71.2,1.17
94117,San Francisco,37575.0,17558.0,175096.0,78.3,13.6,9.5,35.0,8.89936237777379,28.3,0.91,13.7,7327.3,16378.0,10.11,11.62,3.18,30.72,7.07,10.09,0.82
94118,San Francisco,39275.0,16995.0,159550.0,72.2,32.2,9.9,39.1,8.884139206844567,36.26,1.1,20.2,7216.6,19420.0,9.65,12.88,3.14,27.67,6.72,20.99,0.67
94121,San Francisco,42987.0,18175.0,138353.0,63.9,41.7,8.4,43.7,8.646113971483077,43.05,1.24,23.0,5688.0,21491.0,9.42,14.24,2.96,29.08,6.92,27.87,1.38
94122,San Francisco,57369.0,22375.0,145717.0,62.9,44.4,11.5,42.2,9.158720708546577,48.67,1.41,23.1,9496.9,30056.0,9.21,14.09,2.5,30.39,7.08,39.33,0.63
94123,San Francisco,24518.0,12510.0,222689.0,85.6,10.9,8.9,33.1,9.10112800300261,28.75,1.05,15.6,8965.4,13403.0,10.98,7.63,3.05,28.13,6.41,14.89,0.6
94124,San Francisco,36226.0,10982.0,82928.0,26.7,35.7,25.2,38.5,7.828834527588089,50.41,1.48,39.9,2512.0,31616.0,6.09,10.27,1.6,21.41,7.39,42.82,1.48
94127,San Francisco,20710.0,7466.0,205429.0,66.6,28.5,11.2,47.6,8.250437297846632,81.78,1.9,27.8,3829.3,13457.0,13.31,11.49,3.8,36.44,6.78,79.55,1.4
94128,San Mateo,0.0,0.0,,0.0,0.0,0.0,,,,,0.0,0.0,536.0,2.24,3.36,0.93,19.51,9.06,,2.39
94129,San Francisco,3808.0,1338.0,236190.0,85.3,5.4,22.3,34.2,6.446830313669605,0.0,1.6,39.4,630.7,1877.0,11.93,11.88,4.05,28.82,6.45,0.0,1.5
94130,San Francisco,2829.0,617.0,91750.0,36.0,7.2,31.6,31.0,7.290770258252709,0.0,1.62,27.4,1466.7,974.0,9.24,12.01,1.95,26.61,6.53,0.0,3.6
94131,San Francisco,27809.0,12469.0,198779.0,77.6,23.0,13.2,40.9,8.69297675537044,54.03,1.39,19.4,5960.9,16525.0,13.02,12.19,4.28,36.48,6.79,41.83,1.94
94132,San Francisco,27406.0,10686.0,118557.0,58.5,47.7,14.4,39.4,8.014137304914607,46.37,1.4,20.6,3023.4,14742.0,8.93,15.81,2.01,29.27,7.05,41.73,1.26
94133,San Francisco,24753.0,12954.0,83025.0,54.9,48.1,10.5,45.6,9.460429605568061,17.48,0.68,11.4,12841.4,9456.0,7.76,12.33,1.84,24.5,6.97,3.4,0.51
94134,San Francisco,40142.0,12545.0,107566.0,29.9,60.1,21.3,44.3,8.7353804807302,64.49,1.7,29.3,6219.1,24617.0,6.56,12.59,1.51,24.62,7.07,59.56,2.71
94158,San Francisco,11206.0,4907.0,184294.0,77.4,42.6,12.5,32.9,8.217222589988701,36.11,0.79,19.8,3704.2,3708.0,17.42,11.79,2.64,38.16,5.97,1.49,1.51
94301,Santa Clara,17126.0,7080.0,235529.0,83.3,26.1,6.0,45.4,8.101435293822641,51.6,1.58,28.2,3299.2,11743.0,21.19,10.63,3.89,47.08,6.36,44.79,1.29
94303,Santa Clara,47123.0,14485.0,148031.0,48.4,21.6,40.2,38.1,7.634724008017593,57.02,2.11,40.0,2068.8,35615.0,10.05,7.97,2.12,36.53,7.25,52.94,0.14
94304,Santa Clara,4731.0,2117.0,162569.0,82.0,22.8,13.5,40.7,5.762051382780177,24.19,1.2,22.4,318.0,4854.0,54.55,5.13,1.24,86.27,3.14,13.27,3.22
94305,Santa Clara,17912.0,3689.0,72470.0,90.9,25.4,16.0,22.6,7.21170432389779,26.57,1.15,14.0,1355.2,4190.0,14.87,11.79,3.34,33.82,6.59,24.45,2.52
94306,Santa Clara,27527.0,10794.0,186479.0,80.5,37.4,8.2,41.0,7.92106382273579,52.22,1.73,31.3,2754.7,19610.0,18.32,11.59,3.74,47.26,6.68,48.17,1.81
94401,San Mateo,35628.0,13086.0,121258.0,45.3,24.5,37.8,35.9,8.066741177573675,44.38,1.73,26.8,3186.7,26200.0,5.7,8.71,1.35,24.22,7.3,26.97,1.28
94402,San Mateo,25498.0,9944.0,179683.0,69.3,26.0,15.0,40.6,7.621146166019125,59.3,1.88,31.3,2040.9,22099.0,12.19,9.1,2.81,34.68,6.71,54.02,0.6
94403,San Mateo,43459.0,16372.0,179825.0,60.3,29.0,24.1,38.5,8.095415757815768,53.97,1.84,29.0,3279.4,33622.0,10.53,10.09,2.21,33.16,6.9,47.43,0.1
94404,San Mateo,35950.0,14583.0,182417.0,74.5,52.0,6.8,40.1,7.98986548755074,51.06,1.7,33.7,2950.9,27255.0,13.77,11.71,2.59,37.63,6.62,41.89,1.09
94501,Alameda,63517.0,25028.0,119500.0,58.1,27.8,14.5,40.1,7.702691605444117,41.8,1.55,31.9,2214.3,41381.0,8.56,11.21,2.57,29.15,7.3,35.42,1.23
94502,Alameda,13359.0,4782.0,194821.0,71.0,40.4,12.8,45.2,7.243441492482385,86.87,1.98,39.7,1398.9,10638.0,11.85,10.94,3.44,35.95,7.0,84.07,2.28
94503,Napa,21852.0,5971.0,123657.0,32.5,32.6,30.9,36.4,6.2766434893416445,77.84,2.57,45.2,532.0,19481.0,6.0,6.99,1.41,25.91,7.34,64.66,4.25
94505,Contra Costa,15316.0,5522.0,154063.0,33.0,5.1,18.0,44.5,5.640487624283887,88.74,2.35,35.6,281.6,13219.0,5.92,6.53,1.67,19.83,7.11,88.43,12.54
94506,Contra Costa,27261.0,9294.0,250001.0,74.9,33.7,6.3,45.9,6.326686001827542,88.83,2.39,42.8,559.3,21207.0,17.13,7.44,3.07,38.64,6.2,87.99,1.46
94507,Contra Costa,14546.0,5181.0,250001.0,76.5,10.7,7.4,50.5,6.076265148800447,92.43,2.58,30.6,435.4,14304.0,12.79,6.52,3.51,30.64,6.34,91.91,1.15
94508,Napa,3298.0,967.0,116534.0,57.1,12.4,18.8,32.4,4.298645025734831,65.77,2.39,26.3,73.6,2221.0,4.59,6.66,2.03,22.89,7.46,56.77,8.4
94509,Contra Costa,71013.0,23431.0,81512.0,18.9,8.7,42.5,37.6,7.336676463126643,58.32,2.11,39.2,1535.6,48895.0,2.58,5.71,0.83,13.51,7.75,56.25,0.55
94510,Solano,26879.0,10925.0,125222.0,45.6,11.9,15.2,45.2,5.795753753195012,71.18,2.0,27.4,328.9,25190.0,5.34,8.48,2.05,18.88,7.32,62.63,4.27
94511,Contra Costa,2144.0,900.0,78393.0,21.6,5.6,25.4,54.5,5.08821342874163,71.78,1.95,13.6,162.1,1942.0,4.84,4.58,1.13,23.55,7.56,63.22,6.57
94512,Solano,134.0,89.0,,0.0,0.0,0.0,46.8,0.9555114450274363,0.0,2.35,0.0,2.6,124.0,0.81,4.03,0.0,5.0,6.67,0.0,13.33
94513,Contra Costa,68160.0,21933.0,139736.0,38.4,16.1,25.2,40.6,5.831589179143857,81.9,2.29,44.7,340.9,56679.0,6.95,7.59,1.55,23.93,7.05,80.61,2.46
94514,Contra Costa,2044.0,581.0,97946.0,18.4,4.8,41.7,43.6,3.3250360206965914,63.34,3.02,30.3,27.8,1540.0,0.71,1.75,0.45,3.93,7.79,59.38,12.55
94515,Sonoma,6921.0,2671.0,97202.0,35.6,1.8,40.9,48.9,3.2308043957334744,62.9,2.03,23.7,25.3,6001.0,4.67,5.73,1.38,22.74,7.41,44.52,18.23
94516,Contra Costa,208.0,73.0,,68.6,0.0,1.0,55.8,4.660604892876192,72.6,3.17,35.6,105.7,199.0,8.04,11.56,3.02,30.43,7.83,71.23,5.96
94517,Contra Costa,12164.0,4425.0,164860.0,57.7,11.0,12.8,43.9,4.417635062141249,90.06,2.31,33.7,82.9,11061.0,6.08,7.82,1.65,20.73,7.08,85.4,10.41
94518,Contra Costa,27743.0,10217.0,111406.0,44.3,13.0,28.8,40.4,7.565534315704291,69.16,1.97,30.7,1930.5,21315.0,5.22,8.51,1.53,22.3,7.38,56.67,2.38
94519,Contra Costa,19918.0,7098.0,123366.0,28.4,13.7,32.2,39.3,7.614706740518479,70.87,2.02,32.7,2027.8,15029.0,4.27,7.8,1.46,18.11,7.53,70.25,1.88
94520,Contra Costa,36767.0,13287.0,79790.0,29.9,10.2,51.4,34.6,7.283310856684158,37.39,1.7,33.3,1455.8,31383.0,2.72,7.03,0.96,12.12,7.36,29.68,0.98
94521,Contra Costa,41118.0,15607.0,127312.0,44.0,15.6,17.0,43.0,7.064929953354135,73.3,2.06,28.7,1170.2,32962.0,5.42,8.81,1.59,21.73,7.28,66.08,0.85
94523,Contra Costa,34789.0,13817.0,142622.0,55.9,17.1,15.2,42.6,7.513108958591413,63.49,1.93,31.7,1831.9,27361.0,7.23,9.43,2.19,26.16,7.19,61.15,1.73
94525,Contra Costa,3665.0,1703.0,101850.0,34.9,7.9,18.2,48.3,6.244943298218264,53.96,1.89,24.1,515.4,2616.0,3.52,7.76,1.41,14.79,7.71,46.86,4.08
94526,Contra Costa,33085.0,11942.0,216974.0,69.4,16.1,8.8,45.9,6.759139254653354,83.79,2.2,37.2,861.9,28684.0,10.93,7.71,2.61,29.12,6.62,81.29,0.83
94528,Contra Costa,1000.0,371.0,,85.0,1.7,10.6,37.8,5.03500265054455,100.0,2.53,37.5,153.7,1013.0,12.34,4.24,4.15,25.27,5.99,100.0,4.88
94530,Contra Costa,26229.0,10923.0,127731.0,66.4,29.0,14.8,42.5,7.638005547493584,57.8,1.66,26.9,2075.6,18392.0,9.22,14.27,3.76,31.51,7.25,56.5,1.62
94531,Contra Costa,44746.0,13611.0,123428.0,31.6,20.2,25.8,38.9,7.39344769310913,72.34,2.41,37.8,1625.3,37719.0,6.12,7.9,1.26,25.68,7.31,71.06,3.37
94533,Solano,78537.0,24645.0,85990.0,19.9,13.7,39.4,36.0,7.271286663717356,54.85,2.12,36.8,1438.4,60597.0,3.64,6.38,0.92,17.42,7.56,51.03,2.66
94534,Solano,41122.0,13738.0,139349.0,40.1,24.2,17.3,41.4,5.299816242671772,76.18,2.33,34.9,200.3,37422.0,6.92,7.3,1.57,23.72,7.07,75.66,2.34
94535,Solano,3863.0,1000.0,83525.0,33.3,9.0,17.0,22.2,5.995954452380834,0.8,1.9,67.8,401.8,1529.0,4.84,6.34,1.44,11.83,6.41,0.8,6.83
94536,Alameda,70707.0,25211.0,156672.0,57.6,50.6,16.2,38.6,7.57911686747016,57.19,1.94,36.7,1956.9,50128.0,11.97,9.9,2.11,38.71,6.96,53.33,1.83
94538,Alameda,67704.0,23149.0,144451.0,53.4,56.2,19.5,36.6,7.320923971475334,44.78,1.89,39.8,1511.6,59946.0,20.43,9.7,1.61,48.98,6.05,39.25,0.61
94539,Alameda,52609.0,16876.0,235399.0,78.6,78.4,4.5,42.9,6.666829557872129,79.62,2.24,43.7,785.9,42879.0,19.63,10.25,3.33,50.45,6.7,76.03,2.85
94541,Alameda,67785.0,21801.0,106556.0,30.2,19.2,44.8,37.9,8.1459555818573,47.18,2.03,34.7,3449.4,48798.0,4.54,6.62,1.22,22.28,7.66,43.47,1.57
94542,Alameda,14729.0,4866.0,131989.0,48.1,22.4,27.2,42.7,6.925791641468236,71.7,2.27,27.2,1018.2,11257.0,11.76,8.47,2.33,36.31,7.03,68.97,2.81
94544,Alameda,76739.0,22920.0,108358.0,27.3,28.1,45.1,37.3,7.8759551155937215,53.46,2.17,37.7,2633.2,60589.0,6.17,7.0,1.04,30.38,7.49,44.28,0.28
94545,Alameda,33186.0,10097.0,115258.0,34.4,41.7,34.8,41.1,6.232251533594787,69.83,2.23,32.7,508.9,30262.0,5.57,7.53,1.25,22.15,7.26,62.48,3.82
94546,Alameda,45848.0,15918.0,125780.0,41.4,30.7,20.2,42.1,7.573274292424609,65.77,2.07,35.7,1945.5,35665.0,6.93,9.64,1.85,27.16,7.39,60.91,2.39
94547,Contra Costa,26245.0,9319.0,130583.0,46.3,43.6,14.8,43.5,7.236555302154816,81.12,2.17,31.7,1389.3,21151.0,8.2,9.88,2.05,30.19,7.16,70.17,0.45
94548,Contra Costa,637.0,196.0,183100.0,33.9,0.0,69.7,29.6,4.421247347827163,100.0,2.25,51.0,83.2,645.0,1.71,3.41,0.47,9.33,7.27,100.0,4.4
94549,Contra Costa,28247.0,10291.0,231195.0,77.2,10.4,7.8,45.8,6.367157496882476,78.75,2.16,39.2,582.4,23560.0,13.45,8.91,3.95,34.69,6.55,76.2,3.64
94550,Alameda,49610.0,17524.0,177218.0,55.8,15.0,17.8,42.3,4.399375273008495,74.38,2.23,36.5,81.4,42985.0,7.4,6.96,1.83,24.83,7.09,73.2,12.73
94551,Alameda,38739.0,14199.0,130705.0,44.0,16.4,29.3,39.6,5.240688253711401,70.04,2.19,32.3,188.8,38340.0,5.77,6.78,1.31,21.33,7.1,65.42,5.41
94552,Alameda,14359.0,5016.0,205170.0,59.4,44.2,11.4,48.6,4.821087692210561,93.44,2.53,34.7,124.1,12813.0,12.74,9.84,2.79,38.64,7.04,92.52,5.52
94553,Contra Costa,48600.0,19134.0,121023.0,41.9,10.4,18.6,42.3,5.883322388488279,71.76,2.04,29.8,359.0,43146.0,4.86,7.61,1.67,19.33,7.34,64.49,0.52
94555,Alameda,37500.0,11784.0,213488.0,67.6,73.2,6.7,39.2,7.052201883347165,69.3,2.13,52.1,1155.4,25284.0,15.32,10.2,2.49,44.45,6.79,66.21,2.78
94556,Contra Costa,15922.0,5682.0,199300.0,80.8,22.1,8.1,43.5,6.224954390476336,84.48,2.13,36.2,505.2,12383.0,12.27,10.13,4.03,32.58,6.66,79.14,5.54
94558,Napa,64552.0,24501.0,109444.0,38.3,2.8,37.4,44.5,4.155753190350744,67.25,2.06,26.9,63.8,57767.0,4.63,6.27,1.49,19.47,7.39,60.86,15.19
94559,Napa,27828.0,10560.0,100559.0,37.2,3.3,41.4,39.1,5.617861412148562,49.91,1.97,28.0,275.3,23080.0,4.68,6.8,1.66,19.35,7.38,46.81,2.94
94560,Alameda,47145.0,15184.0,164909.0,47.1,42.7,28.6,37.3,7.169426996001687,69.69,2.26,35.6,1299.1,39734.0,11.62,7.77,1.83,39.5,6.93,64.51,2.09
94561,Contra Costa,45386.0,13903.0,130859.0,23.1,9.2,33.7,36.2,6.855198028243461,76.13,2.55,43.8,948.8,38101.0,4.64,6.47,1.1,18.96,7.32,74.16,0.52
94563,Contra Costa,19409.0,7349.0,250001.0,85.3,15.6,6.3,49.0,6.047608557726022,92.12,2.16,37.6,423.1,16864.0,16.6,8.9,4.62,40.79,6.44,91.7,7.22
94564,Contra Costa,18835.0,6882.0,120833.0,38.7,24.3,27.4,44.1,7.0726763210959245,75.88,2.12,25.5,1179.3,15802.0,4.81,9.03,1.99,22.24,7.59,74.21,0.97
94565,Contra Costa,99933.0,30268.0,95035.0,21.6,16.8,48.5,35.0,7.033065469947584,60.18,2.26,40.8,1133.5,74528.0,3.76,6.18,0.95,18.5,7.64,55.95,1.48
94566,Alameda,44782.0,15923.0,187721.0,67.1,37.5,12.9,44.9,6.770674738433769,71.18,2.1,38.5,871.9,36605.0,12.94,8.32,2.8,35.8,6.8,67.63,1.54
94567,Napa,673.0,231.0,71250.0,32.2,1.0,47.3,45.7,0.6418538861723947,68.83,2.25,36.4,1.9,542.0,3.87,4.8,1.48,19.4,7.29,65.8,23.62
94568,Alameda,70542.0,23811.0,205046.0,69.5,53.2,10.8,37.3,7.4303513583470435,65.11,1.99,46.3,1686.4,50303.0,18.66,9.04,2.58,44.97,6.42,61.19,1.23
94569,Contra Costa,194.0,144.0,,19.1,0.0,16.0,68.5,3.3877743613300146,35.42,1.89,0.0,29.6,196.0,2.04,7.14,1.02,3.85,8.02,35.42,4.32
94571,Solano,10973.0,5440.0,85212.0,33.2,6.2,25.3,64.1,3.4339872044851463,77.33,1.86,10.7,31.0,9947.0,3.69,7.35,1.32,16.73,7.33,74.94,4.53
94572,Contra Costa,8712.0,2958.0,89074.0,27.1,21.6,27.4,41.1,6.4783560205783415,58.25,2.22,29.6,650.9,7501.0,3.63,7.05,1.43,16.41,7.57,57.51,2.77
94573,Napa,81.0,43.0,,0.0,0.0,45.7,55.2,3.3945083935113587,30.23,2.76,32.6,29.8,609.0,5.42,3.61,1.31,11.96,7.33,30.23,6.57
94574,Napa,7646.0,3293.0,139779.0,56.1,1.2,26.6,47.5,3.1179499062782403,66.47,2.08,29.6,22.6,7614.0,5.95,5.62,1.75,21.32,7.0,61.4,7.5
94575,Contra Costa,1005.0,0.0,,41.1,11.3,27.1,20.1,8.318449526925562,,,0.0,4098.8,63.0,3.17,6.35,0.0,5.26,6.37,,5.11
94576,Napa,130.0,64.0,165625.0,55.6,0.0,0.0,46.5,4.915591745409362,76.56,1.64,50.0,136.4,130.0,1.54,3.85,4.62,0.0,7.6,76.56,5.15
94577,Alameda,47533.0,16870.0,110989.0,39.5,28.0,30.8,40.6,7.602201615273702,55.93,1.88,29.5,2002.6,39409.0,4.77,8.35,1.54,19.45,7.3,50.01,0.41
94578,Alameda,41567.0,14060.0,89149.0,25.4,26.0,35.0,37.7,8.166954632298195,41.24,1.85,31.9,3522.6,26991.0,4.39,8.58,1.24,21.23,7.62,38.04,0.49
94579,Alameda,19955.0,6692.0,94193.0,27.8,53.6,17.4,46.9,7.8651495657347095,75.57,2.1,28.2,2604.9,17297.0,6.14,9.52,1.46,26.02,7.34,66.87,2.74
94580,Alameda,28866.0,8782.0,110106.0,25.7,35.1,36.4,41.6,8.159660737063376,73.63,2.32,36.5,3497.0,23142.0,4.5,7.89,1.2,21.28,7.51,72.84,1.49
94582,Contra Costa,47182.0,16166.0,211159.0,77.1,60.2,5.3,41.4,7.229766311757508,69.81,1.94,49.2,1379.9,33708.0,21.41,9.47,3.08,48.49,6.42,66.23,2.11
94583,Contra Costa,39418.0,13776.0,184033.0,64.1,36.9,10.8,40.6,6.944762004611233,71.74,2.13,41.7,1037.7,32622.0,11.97,9.24,2.27,35.21,6.78,69.21,0.64
94585,Solano,29290.0,9585.0,96713.0,21.2,17.2,31.0,35.6,4.56954300834494,60.44,2.38,37.5,96.5,23030.0,3.16,5.99,0.84,15.14,7.68,59.74,7.54
94586,Alameda,1011.0,337.0,198942.0,47.6,9.1,13.6,45.4,1.8870696490323797,80.42,2.74,33.8,6.6,1067.0,6.94,5.34,1.87,25.35,7.46,79.82,8.89
94587,Alameda,68141.0,21202.0,137194.0,45.3,55.4,19.3,42.1,7.178621758505356,67.05,2.2,33.8,1311.1,53356.0,8.74,8.55,1.69,33.53,7.22,58.75,1.57
94588,Alameda,34423.0,12182.0,186569.0,70.1,45.9,12.4,39.8,6.040968742011071,62.49,1.96,40.6,420.3,27266.0,12.15,10.18,2.55,33.37,6.61,59.37,1.4
94589,Solano,30199.0,9451.0,91313.0,22.6,22.9,38.9,39.7,6.934105054304919,63.23,2.18,37.8,1026.7,23135.0,2.47,5.89,0.83,13.88,7.87,58.87,2.4
94590,Solano,37401.0,15210.0,66957.0,25.9,12.5,31.8,39.3,7.7792159949384985,43.98,1.71,28.1,2390.4,26228.0,2.85,6.89,1.03,15.28,7.95,36.65,0.85
94591,Solano,58516.0,19711.0,107849.0,30.9,28.1,24.2,40.9,6.9241206330684015,67.1,2.29,32.9,1016.5,43733.0,4.78,7.39,1.36,21.95,7.63,64.45,2.31
94592,Solano,922.0,441.0,122625.0,49.2,25.4,25.4,42.5,4.282206299391671,87.76,1.81,13.2,72.4,1009.0,8.13,6.54,2.48,20.83,6.67,84.58,1.85
94595,Contra Costa,17051.0,9341.0,98108.0,69.4,11.2,8.0,68.8,7.160379959618515,81.64,1.44,12.9,1287.4,13711.0,8.15,13.41,3.12,26.48,7.12,37.58,0.69
94596,Contra Costa,23592.0,10801.0,137660.0,69.5,14.5,11.4,37.5,7.331584071107259,44.88,1.68,20.3,1527.8,17898.0,9.26,10.3,2.46,25.58,6.6,33.77,1.84
94597,Contra Costa,24235.0,10731.0,142685.0,65.6,19.4,17.8,36.9,7.769927677168688,46.44,1.62,22.6,2368.3,17460.0,8.44,10.59,2.39,25.42,6.75,37.0,1.0
94598,Contra Costa,26293.0,10493.0,188170.0,73.8,17.8,10.0,45.5,6.482342533064276,76.12,1.91,29.7,653.5,21487.0,10.61,9.76,2.92,31.44,6.82,72.39,3.14
94599,Napa,3388.0,1507.0,79696.0,41.1,3.1,17.4,65.3,6.004627533634263,65.89,1.33,8.4,405.3,2247.0,5.47,6.81,2.31,22.19,7.06,40.61,7.66
94601,Alameda,52289.0,16447.0,66651.0,24.0,18.4,53.0,35.5,8.66350753290419,34.47,1.62,38.6,5787.8,29191.0,2.63,7.05,1.16,16.0,7.98,30.84,2.64
94602,Alameda,31450.0,12287.0,124744.0,58.0,16.1,19.9,42.3,8.143226750367445,59.29,1.69,27.8,3440.0,18880.0,9.19,12.29,3.17,32.2,7.42,53.85,1.02
94603,Alameda,36440.0,10598.0,71086.0,15.3,4.9,62.9,34.2,8.267833993283615,46.24,1.94,43.0,3896.5,23692.0,1.81,4.9,0.66,11.55,8.03,43.38,1.36
94605,Alameda,44168.0,16739.0,101043.0,42.8,8.5,26.9,39.7,7.491533922486717,62.52,1.71,29.0,1792.8,27577.0,6.34,7.77,1.99,28.38,7.59,58.92,2.76
94606,Alameda,38746.0,15883.0,70769.0,39.7,32.4,24.8,37.5,8.735943104823743,19.98,1.26,22.8,6222.6,20741.0,4.28,10.44,1.73,19.5,7.63,15.56,1.02
94607,Alameda,27891.0,12697.0,87937.0,47.4,24.6,13.3,35.9,7.390983575556024,30.47,1.09,18.6,1621.3,13803.0,7.45,10.58,1.97,28.32,7.21,12.97,1.8
94608,Alameda,33998.0,16211.0,116306.0,64.1,16.3,12.8,35.4,8.348443123932359,32.97,1.29,15.9,4223.6,18204.0,8.22,11.56,2.58,28.66,7.24,17.43,0.69
94609,Alameda,24854.0,10998.0,106698.0,62.2,10.2,13.7,35.2,8.670257567143075,32.42,1.34,19.3,5827.0,11541.0,7.1,14.02,2.94,27.02,7.62,24.66,0.53
94610,Alameda,32675.0,16115.0,130435.0,73.2,16.7,11.4,39.4,8.594987218856257,36.92,1.34,20.0,5404.5,17724.0,10.2,12.84,3.68,33.13,7.31,25.53,1.7
94611,Alameda,39240.0,17840.0,176517.0,77.8,17.3,7.3,44.6,7.214725140341202,60.17,1.56,24.2,1359.3,27189.0,14.29,12.17,4.85,37.76,6.83,55.07,3.61
94612,Alameda,17663.0,10164.0,77069.0,54.5,27.1,10.5,38.6,8.84925571954875,10.15,0.7,10.3,6969.2,10456.0,7.56,10.06,1.93,24.41,7.25,2.61,0.17
94613,Alameda,529.0,0.0,,3.8,26.7,30.2,19.7,6.8920323185169,,,0.0,984.4,56.0,1.79,10.71,0.0,9.09,7.29,,3.66
94618,Alameda,16845.0,7341.0,205552.0,86.4,12.8,8.9,44.0,7.791068170359086,66.0,1.54,26.9,2418.9,10959.0,14.69,12.65,5.36,41.04,6.95,60.96,1.98
94619,Alameda,28044.0,9875.0,129879.0,57.3,16.7,23.3,37.7,6.4703349996324215,66.93,1.86,36.0,645.7,16219.0,7.37,10.62,2.97,28.31,7.55,63.83,5.28
94621,Alameda,34658.0,10494.0,53106.0,12.6,3.9,62.5,33.4,7.300877863891915,35.03,1.66,38.8,1481.6,23110.0,1.97,5.98,0.84,11.09,7.8,32.04,1.53
94702,Alameda,17073.0,7419.0,99135.0,65.5,14.4,12.0,40.9,8.391539261379284,48.91,1.19,27.6,4409.6,10244.0,9.29,13.88,3.54,35.03,7.5,43.85,0.48
94703,Alameda,20874.0,8732.0,108922.0,71.4,15.0,14.2,37.5,8.85547806992336,39.41,1.4,19.7,7012.7,10156.0,8.07,14.68,3.53,32.53,7.8,31.64,0.82
94704,Alameda,24427.0,8262.0,52105.0,71.7,36.7,13.5,21.9,9.778060374727987,11.67,0.73,7.7,17642.4,5636.0,6.37,12.93,2.24,23.83,7.53,5.23,0.74
94705,Alameda,14149.0,5823.0,163254.0,78.7,10.5,8.0,44.5,7.403487569300473,58.97,1.53,21.5,1641.7,8720.0,14.07,13.64,4.94,41.13,7.12,51.57,2.27
94706,Alameda,20486.0,8031.0,136961.0,76.7,28.3,12.8,38.1,8.608750884896603,53.89,1.49,35.8,5479.4,11397.0,10.13,15.43,3.76,34.72,7.33,45.1,1.03
94707,Alameda,12728.0,5188.0,196591.0,85.4,14.3,5.5,52.6,8.058358951649868,86.95,1.76,26.1,3160.1,9434.0,14.69,15.0,5.59,41.43,7.13,84.08,1.93
94708,Contra Costa,11967.0,4754.0,229004.0,88.1,9.1,6.2,49.1,7.146378401144733,83.61,1.87,25.2,1269.5,8254.0,16.26,13.46,5.78,44.45,6.97,80.61,3.38
94709,Alameda,12179.0,5310.0,95223.0,79.6,28.1,9.9,30.6,8.995177391027912,25.12,1.14,9.2,8064.1,4794.0,7.2,14.08,3.0,28.64,7.64,16.29,1.41
94710,Alameda,8144.0,3744.0,118007.0,65.2,13.4,20.3,38.0,6.6509256700131205,35.92,1.29,20.6,773.5,5649.0,8.23,11.21,2.48,27.52,7.22,31.22,1.04
94720,Alameda,5649.0,195.0,,82.8,37.8,22.0,19.8,8.380066772994759,23.59,0.65,20.0,4359.3,74.0,2.7,4.05,0.0,33.33,7.89,9.74,1.43
94801,Contra Costa,33564.0,10421.0,75786.0,19.4,5.7,66.3,34.1,6.595370593889984,46.49,1.83,44.3,731.7,23600.0,2.96,6.2,0.89,14.94,7.81,42.43,4.65
94803,Contra Costa,27588.0,9500.0,116075.0,40.4,23.3,30.0,43.2,6.832816192317643,72.0,2.33,32.0,927.8,20992.0,6.01,9.65,2.0,23.92,7.55,68.59,3.76
94804,Contra Costa,44679.0,16080.0,86430.0,32.5,10.6,46.6,36.3,7.586194830669808,48.64,1.74,34.6,1970.8,31815.0,4.53,9.05,1.53,21.85,7.68,43.53,0.75
94805,Contra Costa,15356.0,5727.0,114191.0,43.7,16.8,35.0,42.1,8.044562113448215,67.61,1.96,27.8,3116.8,10760.0,5.63,11.17,2.34,23.68,7.69,66.77,1.19
94806,Contra Costa,61749.0,20304.0,82818.0,22.7,16.0,51.4,36.3,7.9439601075216295,50.64,2.01,39.5,2818.5,45095.0,3.32,7.88,1.2,16.22,7.68,45.34,1.55
94901,Marin,41095.0,15663.0,108837.0,48.4,5.6,40.6,42.2,6.883360122147415,49.9,1.74,29.5,975.9,35644.0,6.97,7.77,2.36,24.35,7.05,46.97,2.04
94903,Marin,31135.0,12226.0,127464.0,55.1,6.3,19.3,48.7,6.340711975217918,65.54,1.76,22.7,567.2,24892.0,8.52,9.84,2.86,28.4,7.15,56.12,2.11
94904,Marin,13043.0,5651.0,161875.0,70.0,6.7,12.6,50.5,6.42648845745769,63.71,1.73,27.4,618.0,10109.0,13.74,9.14,3.99,36.37,6.45,53.44,3.44
94920,Marin,12682.0,4942.0,238304.0,80.4,7.7,5.3,50.6,6.0454791354142206,72.99,2.12,33.8,422.2,10498.0,16.73,6.93,4.52,38.09,6.07,66.27,3.75
94922,Sonoma,312.0,55.0,131895.0,0.0,0.0,0.0,38.4,2.272125885509337,100.0,2.22,36.4,9.7,624.0,3.37,5.93,0.96,26.32,7.86,100.0,8.37
94923,Sonoma,1457.0,684.0,,43.8,0.0,24.6,54.3,3.1441522786722644,79.82,2.19,18.6,23.2,1592.0,6.47,7.04,1.63,27.84,7.6,79.82,1.85
94924,Marin,1217.0,551.0,96442.0,59.4,0.9,13.6,64.6,2.8213788864092133,75.68,2.37,15.8,16.8,1072.0,5.69,9.7,2.24,30.59,8.33,72.6,12.66
94925,Marin,10101.0,4037.0,220771.0,76.8,6.2,12.2,44.2,6.748759547491679,69.41,1.84,39.2,853.0,8025.0,12.81,9.56,3.15,33.32,6.58,65.87,0.71
94928,Sonoma,46463.0,16841.0,96622.0,30.2,6.2,32.7,33.5,7.792307635069079,50.6,2.07,31.2,2421.9,40709.0,3.21,6.66,1.1,11.54,6.98,40.94,0.99
94929,Marin,224.0,129.0,206793.0,95.1,0.0,16.5,62.6,4.447346100794524,81.4,2.1,0.0,85.4,159.0,8.18,13.21,3.77,33.33,7.52,72.87,10.63
94930,Marin,8564.0,3544.0,136341.0,66.0,2.6,7.8,47.7,5.273512247629066,65.55,1.89,25.9,195.1,6875.0,8.29,11.56,3.56,27.8,7.26,59.68,4.41
94931,Sonoma,9320.0,4119.0,103105.0,39.0,2.2,19.2,39.8,6.304448802421981,60.23,2.05,24.1,547.0,8575.0,3.65,7.39,1.68,14.5,7.57,54.58,0.86
94933,Marin,1255.0,585.0,128561.0,54.0,7.1,25.8,52.9,6.170865175474273,72.14,1.89,18.8,478.6,776.0,5.67,11.6,1.68,28.57,8.34,72.14,9.3
94937,Marin,916.0,565.0,69464.0,58.6,0.0,0.0,66.1,1.8870696490323797,76.64,1.66,11.0,6.6,985.0,10.05,12.28,3.35,38.02,7.51,76.64,13.99
94938,Marin,540.0,246.0,150250.0,72.2,0.0,0.0,48.1,2.975529566236472,70.73,1.69,19.9,19.6,580.0,7.41,11.03,1.55,32.31,7.7,70.73,5.51
94939,Marin,7372.0,3431.0,182743.0,76.2,4.3,5.5,46.7,7.1503876828801936,49.29,1.7,25.9,1274.6,5567.0,13.27,9.48,3.65,34.74,6.43,46.6,1.46
94940,Marin,275.0,123.0,,100.0,0.0,11.6,57.2,1.3609765531356006,54.47,2.17,26.0,3.9,157.0,7.01,5.1,4.46,23.53,7.89,54.47,12.82
94941,Marin,32349.0,12534.0,210217.0,76.9,6.0,7.5,45.6,6.311916280889189,66.6,1.9,35.6,551.1,24111.0,14.55,9.5,4.45,36.72,6.43,64.11,2.5
94945,Marin,17280.0,7093.0,109750.0,51.7,7.8,22.6,51.1,5.521460917862246,71.55,2.11,26.9,250.0,16567.0,6.52,8.4,2.15,24.46,7.28,69.38,2.5
94946,Marin,727.0,288.0,166875.0,58.4,2.9,7.0,53.2,1.824549292051046,82.64,2.66,17.7,6.2,641.0,12.95,8.42,2.03,42.31,7.51,81.6,9.21
94947,Marin,24360.0,8938.0,126690.0,47.5,5.4,26.1,47.5,6.043582501370088,69.59,2.07,29.1,421.4,21371.0,5.84,8.77,2.09,23.83,7.4,65.79,5.27
94949,Marin,18357.0,7226.0,116101.0,47.6,7.3,26.4,47.5,6.059356813150901,62.37,1.92,26.9,428.1,15359.0,7.75,8.89,2.44,26.9,7.24,52.6,2.98
94950,Marin,29.0,18.0,,55.2,0.0,0.0,60.8,0.4054651081081644,100.0,1.89,0.0,1.5,85.0,10.59,2.35,2.35,44.44,7.12,100.0,3.18
94951,Sonoma,3628.0,1472.0,116093.0,44.0,1.0,36.4,45.8,4.590056548178043,66.51,2.27,25.8,98.5,4438.0,4.8,6.69,1.8,20.37,7.4,66.51,2.99
94952,Marin,33339.0,13990.0,115097.0,47.5,3.1,18.6,44.5,4.257030144499196,59.95,2.01,26.9,70.6,30548.0,6.21,8.28,2.29,23.33,7.35,57.12,4.64
94954,Sonoma,38000.0,14886.0,107564.0,36.9,4.2,22.9,44.8,5.423627557513483,66.69,2.12,25.8,226.7,33577.0,4.49,7.85,1.67,18.73,7.41,61.94,5.96
94956,Marin,1158.0,678.0,79241.0,56.9,0.0,8.9,62.3,1.8082887711792655,62.68,1.91,0.9,6.1,1358.0,5.3,9.35,2.58,27.61,7.71,62.68,6.14
94957,Marin,2151.0,709.0,250001.0,82.4,6.1,4.5,41.8,6.589751446643967,83.36,2.56,43.4,727.6,1972.0,16.28,6.03,5.93,34.2,5.82,83.36,2.03
94960,Marin,15891.0,6192.0,172332.0,72.7,4.4,8.4,46.4,7.039222041724443,70.45,2.02,35.8,1140.5,12090.0,11.84,9.75,4.05,34.93,6.83,69.95,2.05
94963,Marin,562.0,195.0,206375.0,87.8,0.0,3.9,46.4,4.463606621666305,88.72,2.57,43.1,86.8,533.0,10.13,11.82,3.19,32.14,7.35,88.72,9.79
94964,Marin,2115.0,110.0,,1.7,5.6,32.8,48.0,7.992065782939387,0.0,3.0,13.6,2957.4,264.0,6.06,6.06,0.0,33.33,7.39,0.0,1.65
94965,Marin,12160.0,6253.0,140417.0,65.0,11.9,10.4,51.2,5.566434283504978,56.37,1.61,14.2,261.5,8652.0,10.66,9.43,3.26,30.44,6.78,43.48,2.77
94970,Marin,372.0,187.0,117188.0,59.6,0.0,4.0,69.2,3.0155349008501706,77.01,1.91,5.3,20.4,543.0,6.08,8.66,2.76,21.92,6.88,67.91,10.27
94971,Marin,315.0,92.0,109375.0,62.8,0.0,0.0,62.3,2.1400661634962708,76.09,2.54,12.0,8.5,369.0,5.69,5.42,1.9,27.59,7.98,76.09,10.94
94972,Sonoma,153.0,41.0,,87.7,0.0,0.0,36.1,1.547562508716013,12.2,3.18,87.8,4.7,302.0,3.64,3.64,0.66,10.81,7.42,0.0,8.6
94973,Marin,1652.0,652.0,207273.0,61.4,0.0,4.6,59.2,5.177843213080163,88.65,2.07,16.7,177.3,1342.0,7.3,9.99,4.47,30.36,7.58,86.2,7.33
95002,Santa Clara,1639.0,545.0,89861.0,34.6,23.1,58.6,46.6,3.7773481021015445,69.54,2.42,25.5,43.7,1866.0,5.68,6.11,1.18,24.47,7.45,46.61,4.05
95003,Santa Cruz,24708.0,9846.0,140990.0,54.5,3.1,16.1,48.1,5.563370320939456,72.23,2.16,24.0,260.7,20934.0,6.37,9.4,2.46,21.86,7.39,65.83,6.22
95004,Monterey,3917.0,1291.0,165781.0,40.0,1.3,31.5,41.2,4.39197696552705,75.21,2.68,27.5,80.8,4256.0,3.1,5.59,1.27,14.38,7.66,70.95,8.45
95005,Santa Cruz,7150.0,2774.0,107857.0,46.2,1.9,9.0,46.1,5.388158070547826,71.12,2.34,28.7,218.8,5695.0,4.11,7.92,1.58,19.4,7.78,66.94,7.78
95006,Santa Cruz,8433.0,3323.0,128483.0,38.7,1.2,17.7,46.5,4.09933210373314,76.62,2.42,22.0,60.3,7971.0,4.05,6.86,1.86,18.33,7.7,73.1,15.78
95007,Santa Cruz,335.0,170.0,164487.0,26.9,0.0,0.0,50.1,5.654942309236727,80.0,2.33,6.5,285.7,486.0,3.09,6.38,1.65,17.65,8.26,80.0,9.36
95008,Santa Clara,48415.0,18700.0,142841.0,58.9,25.5,19.9,39.4,7.962032464941053,48.85,1.9,31.9,2869.9,38735.0,10.01,9.1,2.35,32.2,7.04,42.87,1.46
95010,Santa Cruz,8697.0,4161.0,96701.0,46.5,4.5,30.7,49.4,7.643147441135828,46.48,1.56,18.6,2086.3,7939.0,4.42,8.53,1.64,17.35,7.55,27.25,0.25
95012,Monterey,11147.0,2480.0,79903.0,7.7,1.8,87.2,27.9,5.641552398120067,45.56,2.54,61.7,281.9,10235.0,1.21,3.27,0.48,7.63,7.96,36.94,8.52
95013,Santa Clara,42.0,13.0,,33.3,0.0,0.0,58.5,2.4159137783010487,100.0,3.0,0.0,11.2,148.0,2.03,2.03,0.68,14.29,8.84,100.0,3.13
95014,Santa Clara,61109.0,21960.0,229074.0,83.0,71.3,2.9,40.7,6.773880970425809,59.43,1.94,41.2,874.7,43290.0,18.59,11.25,3.39,45.19,6.47,56.04,2.15
95017,Santa Cruz,738.0,231.0,100750.0,41.0,2.8,55.4,38.2,1.6863989535702288,45.45,2.15,20.8,5.4,691.0,3.62,6.66,1.45,22.64,7.92,42.42,19.86
95018,Santa Cruz,6377.0,2784.0,119130.0,56.5,1.5,8.1,46.1,4.8307108619020225,82.29,2.2,21.7,125.3,6972.0,4.35,8.22,2.04,20.79,7.93,81.0,4.0
95019,Santa Cruz,6235.0,1873.0,68314.0,14.8,1.3,83.9,31.4,7.739359202689098,31.55,1.97,43.6,2297.0,6258.0,1.12,3.66,0.35,8.21,8.08,29.52,2.27
95020,Santa Clara,67945.0,19621.0,134242.0,27.9,9.1,57.2,36.8,5.129306823813755,64.15,2.41,43.1,168.9,56954.0,5.82,6.44,1.57,21.82,7.18,61.87,0.8
95023,San Benito,58374.0,17523.0,108156.0,20.6,3.4,64.9,35.3,3.996364153861897,67.33,2.45,44.8,54.4,53867.0,3.36,5.28,1.05,14.14,7.25,65.12,6.65
95030,Santa Clara,12969.0,5201.0,250001.0,80.2,17.1,7.6,52.5,6.126869184114185,77.77,2.13,26.4,458.0,12003.0,17.45,6.78,3.72,37.86,6.34,75.08,0.65
95032,Santa Clara,27682.0,10508.0,195188.0,75.9,20.4,9.4,44.6,6.498432740546668,62.82,1.98,36.0,664.1,22983.0,15.99,7.83,3.64,40.4,6.56,58.34,3.92
95033,Santa Cruz,9884.0,3869.0,183836.0,70.3,6.0,10.4,46.1,3.744787086052232,79.32,2.51,29.7,42.3,8469.0,11.95,7.27,3.09,37.48,7.02,78.47,7.6
95035,Santa Clara,78479.0,24801.0,176723.0,58.6,71.3,13.4,36.4,7.13289683295902,59.33,2.04,37.1,1252.5,61004.0,13.08,9.65,1.94,40.58,6.66,52.64,1.28
95037,Santa Clara,51517.0,16512.0,158256.0,43.8,15.8,36.2,39.1,4.389498649512583,72.01,2.33,39.3,80.6,47077.0,9.06,7.18,2.4,28.27,6.93,67.01,5.48
95039,Monterey,1279.0,374.0,58214.0,22.0,2.0,62.5,44.3,3.3877743613300146,60.96,1.91,43.0,29.6,1590.0,1.32,3.58,0.69,5.73,7.78,29.14,9.25
95041,Santa Cruz,846.0,337.0,161034.0,71.2,2.2,4.1,31.8,8.964004956385297,55.79,2.06,28.5,7816.6,492.0,5.49,7.32,1.63,36.0,7.98,55.79,2.67
95043,San Benito,673.0,230.0,126111.0,40.1,0.0,15.8,44.2,-1.2039728043259361,62.17,2.67,30.0,0.3,536.0,1.68,4.29,0.75,3.39,7.37,59.57,32.33
95045,San Benito,4291.0,1599.0,106377.0,28.1,2.0,48.0,44.4,3.5409593240373143,66.79,2.53,19.7,34.5,4319.0,4.84,5.74,1.67,19.62,7.21,62.73,1.14
95046,Santa Clara,6766.0,1947.0,157458.0,36.0,7.3,43.8,48.3,4.888844237042334,72.93,2.88,43.5,132.8,7084.0,3.68,4.76,1.47,14.92,7.48,69.95,6.57
95050,Santa Clara,39827.0,15552.0,130051.0,54.1,33.2,21.8,36.3,7.885065848682237,41.29,1.74,26.5,2657.3,30124.0,9.08,9.56,1.79,32.15,6.96,37.51,1.66
95051,Santa Clara,61345.0,23571.0,185632.0,70.7,53.8,13.2,34.9,8.070343430525341,43.53,1.81,29.5,3198.2,46402.0,12.79,10.69,2.12,36.5,6.49,38.7,1.21
95053,Santa Clara,3153.0,45.0,,100.0,23.7,15.4,19.5,9.870933368614777,0.0,3.0,0.0,19359.4,47.0,6.38,10.64,2.13,16.67,5.5,0.0,1.22
95054,Santa Clara,25196.0,9419.0,204052.0,68.5,57.3,14.2,33.9,7.31986492980897,35.35,1.73,30.9,1510.0,20578.0,14.88,8.8,2.04,38.27,6.13,32.8,1.66
95060,Santa Cruz,46024.0,18280.0,106040.0,55.2,5.5,22.1,36.5,5.529429087511423,51.88,2.0,22.2,252.0,32487.0,6.8,9.71,2.36,25.41,7.54,47.4,8.33
95062,Santa Cruz,36047.0,15478.0,108261.0,50.7,4.1,20.2,42.7,7.665050279365834,53.56,1.9,22.3,2132.5,28233.0,4.71,9.11,2.01,19.94,7.6,40.97,2.09
95064,Santa Cruz,9883.0,495.0,119787.0,70.3,28.9,30.0,19.6,7.619822344394593,35.15,1.3,22.0,2038.2,892.0,6.39,12.0,2.47,20.13,7.22,34.75,3.64
95065,Santa Cruz,8031.0,2952.0,142768.0,49.6,3.3,21.3,43.1,5.631211781821365,69.88,2.25,26.8,279.0,7092.0,6.42,8.53,2.1,23.99,7.49,67.75,4.28
95066,Santa Cruz,15369.0,6159.0,146941.0,55.3,6.6,12.1,47.5,5.77734267776423,75.58,2.17,27.4,322.9,13648.0,7.52,8.45,2.34,25.72,7.32,60.29,2.77
95070,Santa Clara,31383.0,11124.0,240980.0,80.8,58.6,2.5,51.3,6.140315493840337,86.62,2.34,32.2,464.2,27863.0,20.27,9.06,3.91,47.65,6.59,82.27,3.39
95073,Santa Cruz,11487.0,4448.0,113929.0,45.1,2.7,19.5,44.2,5.346154695962197,73.25,2.22,28.0,209.8,10212.0,5.07,9.26,1.99,20.62,7.57,53.48,7.06
95075,San Benito,575.0,174.0,130962.0,33.7,1.6,34.3,42.2,0.8754687373538999,86.78,2.72,34.5,2.4,684.0,3.07,2.78,0.44,14.29,7.02,84.48,19.98
95076,Santa Cruz,82409.0,24799.0,86685.0,19.3,2.1,72.5,36.8,5.40357787720553,56.21,2.29,39.0,222.2,68954.0,2.13,4.48,0.72,11.37,7.8,50.29,2.89
95110,Santa Clara,19444.0,6740.0,132800.0,39.6,15.4,54.6,34.7,7.300742865579189,40.22,1.78,29.1,1481.4,15541.0,6.49,7.44,1.34,28.18,7.14,23.86,0.58
95111,Santa Clara,58885.0,15833.0,97162.0,20.2,36.3,51.3,37.7,8.310882174762078,60.3,2.19,43.0,4067.9,44937.0,5.14,7.82,1.19,24.52,7.6,45.1,1.0
95112,Santa Clara,56766.0,21264.0,89649.0,39.2,26.7,41.3,32.6,8.068966709406768,27.91,1.55,19.1,3193.8,43367.0,5.59,8.88,1.39,22.81,7.32,19.86,1.85
95113,Santa Clara,2443.0,1501.0,140938.0,66.8,29.8,26.9,31.9,8.480591445771676,14.92,0.85,2.0,4820.3,1823.0,16.29,7.46,2.03,39.92,6.01,0.0,1.45
95116,Santa Clara,48816.0,13455.0,83428.0,21.2,29.1,58.7,36.2,8.669622390345156,39.49,1.99,41.0,5823.3,35003.0,3.16,6.74,0.91,19.09,7.86,31.99,1.35
95117,Santa Clara,27798.0,10144.0,115778.0,44.4,27.2,32.2,35.5,8.322418414152471,35.6,1.8,37.3,4115.1,21448.0,7.52,10.01,1.78,27.78,7.23,31.28,1.59
95118,Santa Clara,31831.0,11329.0,148438.0,53.0,22.2,26.6,39.0,7.999812798679573,63.04,1.97,39.4,2980.4,24703.0,9.97,8.46,2.28,34.8,7.12,60.07,0.83
95119,Santa Clara,10449.0,3503.0,164129.0,58.3,33.1,24.8,41.0,7.230201031370209,73.57,2.25,36.8,1380.5,9045.0,10.87,8.57,2.37,38.04,7.01,72.85,1.08
95120,Santa Clara,38103.0,12583.0,250001.0,74.4,40.5,7.8,47.3,5.88638177065483,88.68,2.34,38.8,360.1,31870.0,16.23,8.91,3.94,42.92,6.68,88.23,4.74
95121,Santa Clara,35722.0,9783.0,133700.0,34.0,62.0,24.2,43.5,8.054395536660829,77.08,2.46,36.0,3147.6,29701.0,8.0,8.99,1.56,33.13,7.38,70.73,1.08
95122,Santa Clara,52206.0,12017.0,103406.0,17.9,35.6,56.9,36.3,8.36450810375059,52.76,2.52,43.7,4292.0,41406.0,3.79,7.37,0.88,21.14,7.67,48.68,1.34
95123,Santa Clara,70279.0,24251.0,136364.0,44.8,26.6,29.3,37.6,8.07352764949277,60.27,2.01,34.5,3208.4,50780.0,8.48,9.44,2.08,30.63,7.17,50.67,1.63
95124,Santa Clara,51991.0,17523.0,188433.0,60.9,25.7,16.6,39.8,7.97522083865341,72.12,2.24,44.5,2908.0,38494.0,12.47,8.14,2.72,38.63,6.89,69.9,1.84
95125,Santa Clara,53934.0,20927.0,148422.0,56.2,16.6,29.0,41.2,7.84662908285655,60.1,1.87,31.8,2557.1,41810.0,10.58,8.94,2.87,32.3,6.93,55.57,1.26
95126,Santa Clara,38239.0,15920.0,127297.0,54.8,19.8,36.6,34.4,8.598588829620232,34.18,1.63,23.2,5424.0,27223.0,8.61,9.43,1.94,29.74,7.05,29.71,0.43
95127,Santa Clara,61091.0,15804.0,120548.0,26.6,28.1,54.5,39.0,7.504887031108395,65.72,2.6,39.0,1816.9,49484.0,4.72,7.17,1.13,23.43,7.59,63.9,2.05
95128,Santa Clara,33585.0,14070.0,122647.0,51.8,22.1,30.3,38.8,8.091413124792664,44.27,1.75,23.5,3266.3,25750.0,8.77,8.96,1.88,32.12,7.12,37.53,1.24
95129,Santa Clara,40896.0,14177.0,182662.0,71.0,63.7,8.2,41.9,8.113785964417517,58.09,1.91,41.8,3340.2,28552.0,14.16,11.92,2.81,39.34,6.75,52.59,0.74
95130,Santa Clara,13491.0,4745.0,155787.0,60.1,38.3,18.0,39.8,8.275885669474356,63.75,1.99,37.7,3928.0,10131.0,11.13,9.44,2.48,36.49,6.99,62.85,0.47
95131,Santa Clara,30745.0,9954.0,170128.0,57.0,69.5,15.6,37.7,7.598800251450212,63.26,2.19,34.7,1995.8,26839.0,10.19,9.71,1.92,33.13,6.91,49.86,1.23
95132,Santa Clara,39605.0,11913.0,172266.0,50.1,63.1,17.1,42.4,5.654942309236727,74.57,2.43,35.0,285.7,31579.0,9.51,9.93,1.88,35.63,7.21,72.35,9.46
95133,Santa Clara,28561.0,8992.0,132069.0,44.3,61.3,24.3,38.1,8.127995055771946,57.97,2.02,30.8,3388.0,23761.0,8.8,8.6,1.47,32.65,7.04,51.11,1.47
95134,Santa Clara,30255.0,13761.0,196847.0,77.3,63.0,13.0,31.1,7.108407792460815,13.41,1.38,20.3,1222.2,19863.0,15.77,10.82,2.22,35.62,5.63,4.88,1.78
95135,Santa Clara,20503.0,7583.0,196179.0,65.2,56.9,9.7,51.5,5.5610661724546055,86.54,2.04,28.0,260.1,16464.0,16.78,10.37,3.27,46.39,6.84,82.14,7.56
95136,Santa Clara,47157.0,16058.0,143696.0,46.5,35.6,26.2,36.9,8.23604969580404,58.72,1.97,34.0,3774.6,35676.0,9.15,10.67,1.89,29.4,6.9,47.89,0.4
95138,Santa Clara,19513.0,5638.0,194300.0,53.4,49.3,25.2,38.8,5.667809814197383,82.23,2.24,47.2,289.4,15651.0,17.46,8.29,2.91,44.28,6.65,66.73,3.85
95139,Santa Clara,7113.0,2172.0,193061.0,47.0,22.8,36.0,39.6,7.82732064338995,78.55,2.42,43.1,2508.2,5425.0,10.03,7.69,2.53,35.08,7.23,77.99,0.93
95140,Santa Clara,41.0,32.0,,75.6,26.8,9.8,62.3,-2.3025850929940455,100.0,2.5,0.0,0.1,381.0,7.61,6.04,2.36,30.61,7.5,100.0,17.95
95148,Santa Clara,45392.0,12111.0,160729.0,39.8,62.0,23.6,41.0,7.495597497896659,79.94,2.63,40.8,1800.1,37310.0,9.46,9.46,1.74,35.39,7.27,78.52,3.52
95202,San Joaquin,6426.0,3209.0,23954.0,17.2,6.2,50.5,35.9,7.756794479499057,5.52,0.88,26.5,2337.4,4760.0,2.94,4.94,0.92,13.68,7.56,5.52,0.85
95203,San Joaquin,16628.0,5395.0,64710.0,16.8,9.9,57.5,32.6,6.82045295057934,40.78,1.77,37.8,916.4,10690.0,1.52,3.76,0.65,9.24,7.79,40.0,3.33
95204,San Joaquin,31028.0,11303.0,71792.0,20.5,8.5,48.0,36.7,7.646019218345206,58.69,1.9,31.6,2092.3,20130.0,2.11,4.76,0.76,10.48,7.78,58.29,1.76
95205,San Joaquin,39154.0,10636.0,58138.0,4.7,6.4,76.6,31.0,7.426668112930747,49.78,2.0,48.6,1680.2,29320.0,1.02,2.86,0.52,6.22,8.13,48.42,2.89
95206,San Joaquin,67501.0,17500.0,79751.0,10.7,18.2,59.9,31.7,5.1440000061636795,60.59,2.33,49.8,171.4,52386.0,1.87,4.19,0.68,9.9,7.7,59.49,10.55
95207,San Joaquin,52441.0,18952.0,68767.0,19.8,12.7,42.8,33.2,7.909452767798161,41.06,1.7,36.3,2722.9,30067.0,2.06,4.84,0.74,9.75,7.67,38.43,2.1
95209,San Joaquin,46567.0,13468.0,106056.0,25.0,22.5,34.6,36.6,7.6781875222516245,74.23,2.4,43.2,2160.7,32156.0,3.43,5.42,0.81,15.42,7.47,73.71,2.22
95210,San Joaquin,42103.0,12129.0,65411.0,10.9,31.2,38.2,32.3,7.801104863554725,51.84,1.96,43.5,2443.3,25225.0,1.81,4.99,0.74,10.04,7.81,45.08,2.71
95211,San Joaquin,1190.0,0.0,,83.0,16.5,9.8,20.0,8.436438563721103,,,0.0,4612.1,63.0,3.17,6.35,3.17,6.67,6.06,,1.58
95212,San Joaquin,28013.0,7993.0,104078.0,31.2,43.2,24.0,37.7,6.240665632741481,74.01,2.47,44.4,513.2,24712.0,3.92,6.6,0.91,15.99,7.25,67.63,3.18
95215,San Joaquin,26032.0,6741.0,68189.0,9.4,3.3,65.3,38.1,4.653007515402251,61.03,2.21,43.0,104.9,20647.0,1.17,3.08,0.51,6.47,7.68,55.82,9.79
95219,San Joaquin,31200.0,11244.0,105300.0,38.3,20.5,29.9,36.9,5.228967288413243,58.65,1.95,38.7,186.6,22913.0,5.57,7.32,1.24,18.9,6.97,55.17,6.16
95220,San Joaquin,7958.0,2676.0,116324.0,25.1,1.5,34.5,42.2,3.9473901492654373,72.01,2.69,39.2,51.8,7050.0,1.97,3.33,0.67,10.12,7.5,64.91,8.91
95222,Calaveras,5666.0,2187.0,71344.0,23.2,0.1,8.3,53.3,2.6461747973841225,86.56,2.32,25.2,14.1,5146.0,1.42,3.56,0.91,9.37,7.57,75.81,10.62
95223,Alpine,2934.0,1437.0,98934.0,47.0,1.3,5.5,60.4,1.3609765531356006,89.7,2.05,8.4,3.9,5280.0,1.31,2.54,0.7,8.92,7.69,86.64,40.89
95224,Calaveras,265.0,124.0,59167.0,67.2,0.0,16.2,36.1,2.1972245773362196,91.94,1.56,39.5,9.0,671.0,0.89,2.09,0.75,4.55,7.92,69.35,3.68
95225,Calaveras,1224.0,376.0,101223.0,7.7,0.0,14.3,58.6,4.174387269895637,55.05,2.72,21.3,65.0,1012.0,0.79,3.36,0.3,5.88,7.96,55.05,5.65
95226,Calaveras,0.0,0.0,,0.0,0.0,0.0,,,,,0.0,0.0,101.0,0.0,1.98,0.99,0.0,8.43,,5.18
95227,San Joaquin,1036.0,363.0,150143.0,22.4,0.0,20.8,54.2,2.2925347571405443,96.14,3.09,24.0,9.9,880.0,1.7,3.75,0.34,7.14,7.23,96.14,19.14
95228,Calaveras,4880.0,1810.0,107857.0,22.3,0.9,25.3,51.2,2.8622008809294686,82.04,2.26,28.5,17.5,6576.0,2.19,3.63,0.85,11.32,7.48,73.92,4.18
95230,Stanislaus,495.0,182.0,135304.0,3.1,0.0,67.1,28.6,0.47000362924573563,46.15,1.71,51.6,1.6,736.0,1.22,1.63,0.41,10.53,7.91,40.11,20.16
95231,San Joaquin,4339.0,619.0,73292.0,4.7,4.1,52.2,35.0,5.0466457316192885,59.45,2.25,43.5,155.5,3623.0,0.99,3.59,0.52,5.56,7.7,59.45,2.47
95232,Calaveras,151.0,51.0,68977.0,0.0,0.0,0.0,55.7,2.0412203288596382,100.0,3.32,0.0,7.7,315.0,0.32,1.9,0.32,6.25,8.38,100.0,15.88
95233,Calaveras,204.0,134.0,48705.0,18.6,0.0,0.0,69.0,2.341805806147327,100.0,2.53,0.0,10.4,456.0,0.44,2.63,0.22,3.85,8.14,100.0,7.1
95236,San Joaquin,4506.0,1690.0,96339.0,26.9,0.5,32.1,40.4,2.766319109226186,64.26,2.35,33.5,15.9,5095.0,1.26,3.3,0.61,5.98,7.49,62.49,20.29
95237,San Joaquin,3753.0,1443.0,86836.0,26.0,0.7,32.6,40.7,5.183467524869095,79.7,2.06,28.2,178.3,3287.0,1.1,3.41,0.55,6.59,7.69,64.59,14.31
95240,San Joaquin,50682.0,16145.0,76870.0,18.4,11.6,48.0,33.9,5.461286194826176,49.71,1.98,38.8,235.4,35857.0,1.88,4.41,0.79,8.9,7.54,44.4,12.74
95242,San Joaquin,27860.0,10478.0,99709.0,31.6,7.2,25.5,39.6,4.681204872264089,68.87,2.04,34.8,107.9,23980.0,3.52,5.64,0.89,13.16,7.01,63.57,1.98
95245,Calaveras,3227.0,1314.0,85387.0,15.1,2.7,14.5,55.2,2.9014215940827497,83.87,2.46,25.0,18.2,2449.0,1.14,2.82,0.37,8.9,8.31,79.0,14.61
95246,Calaveras,1701.0,544.0,95667.0,17.1,0.5,5.3,51.8,2.5257286443082556,88.42,2.56,5.3,12.5,2102.0,1.05,3.28,0.38,8.73,8.28,83.64,13.24
95247,Calaveras,3682.0,1752.0,71983.0,38.0,0.0,4.3,55.8,3.529297384289471,77.23,2.09,13.9,34.1,5061.0,2.15,4.31,0.81,13.27,7.65,62.96,13.56
95248,Calaveras,66.0,15.0,,0.0,0.0,0.0,11.9,-0.2231435513142097,100.0,3.0,100.0,0.8,481.0,1.04,1.04,0.0,14.29,9.56,100.0,12.34
95249,Calaveras,4696.0,1758.0,46864.0,22.8,4.3,13.3,57.8,3.068052935133617,72.81,2.23,19.0,21.5,4559.0,0.94,3.16,0.35,5.85,8.02,66.67,17.25
95251,Calaveras,684.0,372.0,101111.0,18.5,0.0,0.0,55.5,3.139832617527748,87.9,1.84,8.6,23.1,781.0,0.9,2.05,0.38,8.33,8.05,77.96,12.66
95252,Calaveras,13851.0,4808.0,85189.0,15.1,4.9,18.2,45.2,3.7232808808312687,91.93,2.46,25.3,41.4,17636.0,0.99,3.52,0.64,6.28,7.9,83.96,4.84
95254,Calaveras,316.0,167.0,72188.0,31.9,0.0,3.8,65.3,2.9444389791664403,53.89,2.36,3.6,19.0,892.0,2.02,3.36,0.56,11.49,7.76,53.89,11.27
95255,Calaveras,1755.0,756.0,68000.0,17.2,0.1,23.9,57.9,2.7013612129514133,85.45,2.59,15.3,14.9,2191.0,0.37,2.56,0.18,3.0,8.55,81.75,21.38
95257,Calaveras,427.0,164.0,,11.1,0.0,6.8,58.0,2.322387720290225,59.76,2.01,28.0,10.2,597.0,0.34,2.35,1.01,0.0,8.14,59.76,16.16
95258,San Joaquin,3868.0,1526.0,100682.0,26.8,1.0,28.3,43.9,6.209997485864508,82.9,1.98,26.3,497.7,3910.0,2.28,5.35,0.64,9.11,7.44,79.29,5.93
95301,Merced,42374.0,12961.0,66669.0,16.0,6.2,52.7,34.5,5.572154032177765,56.74,2.08,41.0,263.0,31289.0,1.52,3.92,0.75,8.28,7.67,52.38,3.5
95303,Merced,876.0,302.0,139688.0,21.4,0.8,42.9,42.1,2.174751721484161,60.93,2.44,32.1,8.8,882.0,1.47,2.72,0.45,9.18,7.65,58.94,12.46
95304,San Joaquin,14818.0,4668.0,114359.0,28.5,12.7,34.1,38.1,3.55820113047182,63.45,2.52,35.0,35.1,13827.0,4.55,6.34,1.14,16.66,6.97,60.11,5.03
95305,Tuolumne,203.0,56.0,,0.0,28.1,2.5,58.1,1.667706820558076,55.36,2.62,0.0,5.3,410.0,0.49,1.95,0.24,6.45,7.55,55.36,5.31
95306,Mariposa,869.0,387.0,77724.0,30.8,1.3,11.5,58.4,0.8754687373538999,90.7,2.24,28.2,2.4,1235.0,1.3,3.24,0.4,7.63,7.51,65.89,18.14
95307,Stanislaus,46209.0,12847.0,77101.0,12.7,8.5,64.1,32.8,6.258816353086512,65.13,2.32,41.1,522.6,36778.0,1.76,3.76,0.55,10.02,7.84,58.03,6.6
95310,Tuolumne,1783.0,767.0,57639.0,24.9,0.2,9.1,45.1,2.833213344056216,71.32,1.93,18.5,17.0,2464.0,1.14,2.76,0.97,4.88,8.21,57.5,12.05
95311,Mariposa,2282.0,1086.0,70469.0,19.9,0.3,25.0,50.8,1.308332819650179,84.44,2.21,15.3,3.7,2624.0,0.57,2.29,0.5,7.04,8.37,64.27,12.7
95312,Merced,193.0,64.0,,9.9,0.0,43.0,53.7,4.293195420967266,60.94,1.67,34.4,73.2,261.0,0.0,3.07,0.0,0.0,7.76,60.94,7.5
95313,Stanislaus,1114.0,405.0,72321.0,12.3,0.0,60.8,38.5,2.066862759472976,34.81,2.09,18.0,7.9,1257.0,1.51,1.83,0.4,14.13,8.21,29.14,9.09
95315,Merced,13006.0,3482.0,67868.0,13.9,4.7,76.0,31.9,5.612032616046633,69.84,2.35,44.5,273.7,10556.0,1.17,2.89,0.65,8.37,8.13,59.79,1.37
95316,Stanislaus,7594.0,2508.0,96593.0,20.7,1.2,28.1,36.7,3.7932394694381792,65.87,2.38,36.2,44.4,6235.0,1.8,3.11,0.77,9.28,7.49,61.76,14.69
95317,Merced,936.0,269.0,57438.0,7.2,0.7,74.4,33.2,1.9315214116032138,27.88,2.23,43.5,6.9,780.0,0.64,1.28,0.26,5.97,8.31,23.42,19.14
95318,Mariposa,572.0,322.0,54430.0,69.0,0.0,5.9,36.9,1.7047480922384253,61.49,1.95,12.7,5.5,403.0,2.23,7.2,1.49,37.5,8.73,53.42,4.93
95319,Stanislaus,1580.0,495.0,44904.0,9.5,0.8,52.6,36.9,6.8160784904102325,44.65,1.58,29.5,912.4,1487.0,0.67,1.68,0.13,7.14,8.83,44.65,7.1
95320,San Joaquin,13511.0,4647.0,86612.0,19.4,0.4,27.7,36.2,4.063885354737392,73.92,2.23,39.0,58.2,11905.0,1.48,3.0,0.69,7.04,7.58,70.86,13.3
95321,Tuolumne,3870.0,1623.0,69679.0,30.6,2.6,11.3,57.0,2.128231705849268,87.06,2.04,13.2,8.4,4764.0,2.25,3.3,0.78,14.69,7.78,85.03,5.69
95322,Merced,9013.0,3212.0,64104.0,9.1,1.7,66.6,38.5,2.9496883350525844,53.55,1.91,33.9,19.1,8456.0,1.06,3.31,0.51,5.84,7.9,51.03,6.74
95323,Stanislaus,1409.0,423.0,89188.0,18.9,0.9,31.8,40.7,2.8791984572980396,68.32,2.64,34.5,17.8,1205.0,1.0,2.41,0.5,5.56,7.8,62.65,20.0
95324,Merced,7862.0,2475.0,72309.0,8.9,0.0,34.4,36.5,4.276666119016055,50.38,2.16,33.5,72.0,6686.0,1.44,2.44,0.51,8.04,7.45,44.48,10.12
95325,Mariposa,0.0,0.0,,0.0,0.0,0.0,,,,,0.0,0.0,156.0,0.64,1.28,0.0,0.0,8.36,,23.86
95326,Stanislaus,10662.0,4014.0,89268.0,20.0,2.0,36.3,39.5,4.916324614625014,61.61,2.21,31.2,136.5,9554.0,2.27,3.55,0.85,10.91,7.42,60.41,9.36
95327,Tuolumne,8799.0,2985.0,60506.0,11.8,1.1,23.7,40.8,3.0204248861443626,65.19,1.95,25.9,20.5,6633.0,1.06,1.94,0.33,8.38,7.95,53.03,12.16
95328,Stanislaus,3939.0,1162.0,53013.0,7.2,12.9,71.5,31.4,7.48930028296078,48.19,2.39,45.1,1788.8,3611.0,2.05,4.02,0.64,11.37,7.62,48.19,6.39
95329,Tuolumne,2339.0,1040.0,74924.0,15.7,0.0,21.4,54.8,2.0412203288596382,88.65,2.29,18.6,7.7,3348.0,1.08,3.11,0.36,7.4,7.81,80.48,24.0
95330,San Joaquin,33015.0,8567.0,118461.0,23.9,32.2,35.3,34.2,6.33930054237951,83.63,2.58,53.7,566.4,30944.0,9.07,7.39,1.21,31.43,6.85,80.59,1.54
95333,Merced,3203.0,786.0,62045.0,14.5,0.3,82.9,30.3,2.3513752571634776,66.28,2.34,43.9,10.5,2393.0,0.71,2.34,0.29,5.29,7.88,61.32,12.93
95334,Merced,17198.0,4164.0,75867.0,11.3,17.7,69.7,33.0,4.772378104971998,55.0,2.41,48.9,118.2,13610.0,1.76,3.58,0.79,10.29,7.86,53.31,4.38
95335,Tuolumne,82.0,82.0,65625.0,48.8,0.0,24.4,63.9,-0.2231435513142097,100.0,1.78,0.0,0.8,647.0,0.93,2.47,0.31,9.09,7.93,92.68,27.45
95336,San Joaquin,49357.0,15938.0,86411.0,16.4,7.3,42.9,38.5,6.213407377845673,69.72,2.3,35.7,499.4,40025.0,2.3,4.84,0.73,11.43,7.62,66.42,3.7
95337,San Joaquin,46157.0,13639.0,110132.0,26.3,20.6,37.9,34.9,5.980656348391379,73.06,2.43,46.2,395.7,45338.0,5.45,7.08,1.15,20.25,6.94,71.27,4.78
95338,Mariposa,10164.0,4750.0,64707.0,30.3,1.5,8.6,54.9,2.4336133554004498,74.76,2.14,26.3,11.4,12704.0,0.94,3.25,0.59,7.17,7.99,65.24,2.56
95340,Merced,38045.0,12614.0,65141.0,26.2,7.9,51.1,31.8,5.895504155962071,56.25,1.96,33.8,363.4,26243.0,2.14,4.73,0.9,10.3,7.52,55.58,5.56
95341,Merced,34956.0,9090.0,55516.0,7.8,8.4,72.9,27.4,4.486386649998124,39.25,1.95,54.1,88.8,24428.0,1.08,2.81,0.52,6.55,8.05,35.94,7.92
95345,Mariposa,318.0,216.0,65221.0,65.4,1.6,0.0,66.3,1.33500106673234,81.94,2.19,0.0,3.8,710.0,0.7,3.94,0.7,8.89,8.44,60.19,11.22
95346,Tuolumne,807.0,398.0,108362.0,51.0,1.9,1.6,53.8,3.970291913552122,76.38,2.08,26.6,53.0,1403.0,0.93,1.35,0.93,9.38,7.81,69.6,20.35
95348,Merced,36663.0,11213.0,63618.0,19.3,15.8,48.9,31.0,5.672979565501156,47.27,1.95,40.5,290.9,23982.0,1.95,4.81,0.82,9.53,7.59,41.48,6.83
95350,Stanislaus,55984.0,19476.0,73611.0,19.9,6.1,38.9,36.2,7.764253542703935,57.19,1.89,33.5,2354.9,36988.0,1.92,4.93,0.76,11.21,7.96,54.72,2.65
95351,Stanislaus,47232.0,13040.0,56869.0,8.1,5.2,76.1,29.6,7.66692425508408,48.68,2.09,48.7,2136.5,34322.0,1.14,2.98,0.51,8.83,8.32,43.55,2.08
95354,Stanislaus,26587.0,9100.0,65643.0,17.4,6.1,47.9,34.7,7.287355420895247,47.93,1.82,35.2,1461.7,19676.0,1.66,3.79,0.69,8.24,7.84,45.57,2.41
95355,Stanislaus,60470.0,21368.0,83460.0,23.8,8.1,32.9,38.4,7.758504320045572,60.93,2.0,33.0,2341.4,44221.0,2.84,5.62,0.91,12.67,7.52,56.99,1.71
95356,Stanislaus,33025.0,11482.0,95376.0,28.8,8.8,31.5,39.0,6.350711181414532,66.69,2.01,34.2,572.9,29224.0,3.62,6.0,1.04,11.98,6.96,61.26,2.87
95357,Stanislaus,14283.0,4297.0,94066.0,16.2,5.4,45.7,34.9,4.9684234452869465,70.47,2.45,42.8,143.8,10951.0,1.89,3.9,0.61,9.11,7.66,64.25,6.98
95358,Stanislaus,30994.0,8263.0,74434.0,14.6,4.7,63.5,31.3,4.58700621536042,60.96,2.34,48.3,98.2,27374.0,1.18,2.87,0.37,7.1,8.07,59.13,9.07
95360,Stanislaus,13690.0,4132.0,74006.0,9.2,3.9,68.1,35.4,2.7536607123542622,70.96,2.3,42.8,15.7,11109.0,1.7,3.62,0.5,9.59,7.83,70.69,19.84
95361,Stanislaus,35024.0,12292.0,91381.0,23.5,1.5,30.2,39.2,4.053522567701846,68.55,2.24,34.7,57.6,30257.0,1.95,3.56,0.65,9.54,7.42,62.56,8.34
95363,Stanislaus,30407.0,8127.0,99321.0,15.2,4.7,64.6,32.5,4.613138355637268,71.97,2.51,52.4,100.8,25131.0,3.76,5.11,0.81,17.75,7.5,69.66,3.9
95364,Tuolumne,0.0,0.0,,0.0,0.0,0.0,,,,,0.0,0.0,355.0,1.13,1.13,0.56,2.94,7.56,,44.69
95365,Merced,4009.0,1205.0,40718.0,3.9,0.0,96.9,34.2,4.6434288981051814,49.38,1.82,44.2,103.9,3339.0,0.6,2.04,0.6,1.69,8.26,47.05,14.6
95366,San Joaquin,18440.0,6473.0,104952.0,26.5,5.1,24.8,40.2,5.312220271717028,67.12,2.35,33.8,202.8,16446.0,3.13,4.4,0.91,11.45,7.03,66.09,1.62
95367,Stanislaus,25303.0,7435.0,90633.0,19.7,4.8,58.9,33.0,7.618103666861857,69.04,2.25,48.0,2034.7,20243.0,2.1,4.0,0.77,10.95,7.61,67.16,4.8
95368,Stanislaus,14457.0,4337.0,91990.0,18.5,6.5,53.9,33.9,7.230997526832469,79.66,2.61,36.5,1381.6,12071.0,2.2,4.52,0.59,12.19,7.67,79.09,2.13
95369,Merced,802.0,336.0,86250.0,10.9,0.4,44.0,45.0,0.6418538861723947,60.42,1.89,23.8,1.9,826.0,1.09,2.06,0.85,4.62,8.18,35.42,22.66
95370,Tuolumne,28373.0,12326.0,72433.0,24.4,1.3,10.9,49.9,4.6210435351443815,70.76,2.04,23.7,101.6,29135.0,1.12,2.99,0.57,7.71,7.8,63.7,3.18
95372,Tuolumne,1825.0,664.0,93346.0,21.5,0.4,14.9,37.0,5.526249434594043,83.43,2.91,28.8,251.2,2442.0,1.27,2.33,0.66,5.88,7.81,74.85,10.98
95374,Merced,1652.0,569.0,51593.0,7.5,1.8,54.7,38.4,2.6100697927420065,51.85,2.0,37.1,13.6,1629.0,1.17,2.39,0.31,8.7,8.39,32.16,12.93
95375,Tuolumne,65.0,63.0,,96.9,0.0,33.8,75.2,2.1162555148025524,34.92,0.35,0.0,8.3,46.0,2.17,2.17,2.17,11.11,5.76,34.92,29.48
95376,San Joaquin,54853.0,16628.0,103493.0,19.1,13.4,49.9,33.9,7.97356885589886,60.57,2.27,42.3,2903.2,42328.0,3.31,6.11,0.99,16.08,7.67,59.41,0.63
95377,San Joaquin,36182.0,9612.0,155984.0,34.1,33.5,29.9,37.2,4.855928904335275,73.8,2.69,49.1,128.5,33822.0,9.84,8.5,1.62,32.67,6.83,73.62,5.91
95379,Tuolumne,3821.0,1503.0,72113.0,20.6,0.1,14.8,45.3,3.292126286607793,83.3,2.34,24.4,26.9,4185.0,0.69,2.1,0.36,4.58,8.05,79.77,12.09
95380,Stanislaus,43731.0,14875.0,68308.0,18.3,3.6,54.1,32.4,5.423627557513483,50.33,1.98,39.8,226.7,32702.0,1.81,3.47,0.77,10.82,7.8,45.56,4.03
95382,Stanislaus,39320.0,13800.0,93592.0,33.4,7.2,32.8,36.7,7.206822296300482,63.17,2.02,33.9,1348.6,28911.0,3.79,5.47,0.93,15.26,7.12,60.02,2.85
95383,Tuolumne,3663.0,1655.0,85956.0,42.3,0.8,7.3,58.1,2.89591193827178,83.75,2.23,20.7,18.1,5257.0,1.03,2.43,0.74,6.57,7.51,78.49,18.61
95385,Stanislaus,671.0,228.0,58333.0,8.0,0.0,43.4,29.6,2.312535423847214,53.51,2.13,40.8,10.1,311.0,0.64,1.93,0.64,3.12,7.87,18.86,6.85
95386,Stanislaus,10410.0,2908.0,71336.0,9.8,2.8,50.5,32.0,3.8372994592322094,55.47,2.59,47.7,46.4,8501.0,1.42,3.16,0.6,8.64,7.84,52.41,21.2
95387,Stanislaus,1187.0,268.0,55833.0,17.7,8.1,78.9,18.4,1.3609765531356006,32.46,2.07,71.3,3.9,990.0,0.91,1.62,0.61,4.76,8.26,24.63,8.43
95388,Merced,13005.0,3720.0,60762.0,6.8,2.2,80.2,30.4,4.870606649492553,54.35,2.14,43.0,130.4,10603.0,0.83,2.7,0.5,5.57,8.12,52.96,6.19
95389,Mariposa,2067.0,347.0,44962.0,34.2,4.6,32.2,35.6,1.2237754316221157,26.22,1.48,0.0,3.4,850.0,2.82,4.82,1.06,26.03,7.99,26.22,10.41
95391,Alameda,25193.0,6630.0,171510.0,50.7,55.5,9.1,34.2,5.972791281842361,73.17,2.37,61.7,392.6,18509.0,20.9,9.3,2.36,50.8,6.29,67.84,6.99
95401,Sonoma,36842.0,13831.0,93513.0,28.5,5.6,40.9,39.9,6.518409552753856,56.55,2.02,27.7,677.5,30206.0,2.91,6.88,1.18,13.86,7.76,48.81,5.0
95403,Sonoma,45570.0,16567.0,94480.0,27.3,4.7,36.8,39.4,6.690966493305935,54.91,1.92,31.9,805.1,37886.0,4.25,7.39,1.65,17.57,7.4,43.75,2.91
95404,Sonoma,37317.0,15642.0,102802.0,45.2,7.0,24.7,42.0,5.187944309066666,59.26,1.92,28.1,179.1,32242.0,6.08,7.97,2.2,23.87,7.43,57.26,5.72
95405,Sonoma,22811.0,9419.0,117931.0,47.4,2.8,18.9,45.4,7.342066961647881,60.65,1.88,22.9,1543.9,17243.0,5.02,9.39,2.22,19.76,7.57,56.84,4.69
95407,Sonoma,42135.0,13098.0,82807.0,17.4,7.1,59.0,33.9,6.588651336522016,51.15,2.22,44.5,726.8,37365.0,2.15,5.6,0.81,10.48,7.57,44.72,3.67
95409,Sonoma,25960.0,11693.0,105736.0,49.6,7.3,18.3,52.1,5.562986664690745,68.2,1.83,21.6,260.6,21907.0,5.86,10.19,2.23,23.21,7.47,59.79,8.19
95410,Mendocino,642.0,352.0,39628.0,61.5,3.9,11.2,63.7,1.7578579175523736,76.42,1.8,7.7,5.8,1020.0,3.33,6.18,2.65,25.0,8.05,76.42,21.69
95412,Sonoma,227.0,110.0,,55.1,3.5,24.7,40.7,0.0,66.36,1.78,12.7,1.0,363.0,1.65,3.03,0.83,12.5,8.24,66.36,30.34
95415,Mendocino,1296.0,374.0,54423.0,27.8,11.0,37.0,42.5,2.2082744135228043,60.16,2.49,36.6,9.1,1600.0,1.81,4.06,0.69,14.96,8.07,54.55,13.47
95417,Mendocino,208.0,53.0,,48.5,8.2,0.0,21.0,0.09531017980432493,100.0,2.74,73.6,1.1,154.0,0.0,6.49,0.0,0.0,8.31,100.0,10.86
95420,Mendocino,349.0,183.0,,66.0,4.0,12.6,61.6,4.039536325727106,64.48,2.08,12.0,56.8,277.0,6.5,8.3,4.33,31.82,8.05,64.48,6.06
95421,Sonoma,1453.0,636.0,76905.0,41.2,3.6,8.2,57.1,0.9555114450274363,79.72,2.09,16.7,2.6,1768.0,2.49,4.81,1.07,16.82,8.28,72.01,23.16
95422,Lake,17101.0,5845.0,42080.0,7.7,1.1,30.3,36.3,4.993828175779875,59.79,1.86,30.3,147.5,13843.0,0.69,2.75,0.51,5.86,8.53,44.48,32.84
95423,Lake,3432.0,1599.0,43170.0,20.6,1.3,18.5,56.3,2.5416019934645457,69.23,1.8,15.0,12.7,4305.0,0.67,3.04,0.46,5.15,8.42,57.29,27.45
95425,Sonoma,11410.0,4515.0,107281.0,31.8,1.3,31.0,45.2,3.0301337002713233,70.96,2.27,25.8,20.7,12608.0,2.17,4.85,1.0,12.88,7.93,64.45,4.58
95426,Lake,1265.0,610.0,91368.0,30.7,0.0,5.7,60.4,3.1945831322991562,89.34,2.13,22.0,24.4,2010.0,1.39,3.53,1.14,7.14,8.1,80.66,18.09
95427,Mendocino,609.0,209.0,54970.0,37.0,0.0,5.4,59.5,1.1939224684724346,72.25,2.72,32.1,3.3,480.0,2.08,7.5,1.88,13.73,7.71,72.25,17.65
95428,Mendocino,2667.0,972.0,44286.0,12.6,0.3,29.9,40.2,1.5040773967762742,57.82,2.03,25.7,4.5,2215.0,0.36,2.08,0.23,1.49,7.99,53.81,30.19
95429,Mendocino,108.0,78.0,,0.0,0.0,0.0,74.5,0.09531017980432493,100.0,1.35,0.0,1.1,85.0,2.35,3.53,1.18,33.33,7.45,100.0,16.61
95430,Sonoma,0.0,0.0,,0.0,0.0,0.0,,,,,0.0,0.0,203.0,1.48,8.87,0.99,11.76,8.32,,14.9
95431,Sonoma,47.0,0.0,,0.0,0.0,2.1,57.6,5.341376856008484,,,0.0,208.8,74.0,1.35,1.35,2.7,100.0,8.92,,1.9
95432,Mendocino,771.0,331.0,,49.5,6.6,9.9,62.2,1.410986973710262,68.88,1.69,0.0,4.1,434.0,2.53,8.29,2.07,7.89,7.54,64.95,13.43
95435,Lake,340.0,81.0,,0.0,0.0,0.0,19.5,7.432010323059789,0.0,2.0,100.0,1689.2,393.0,0.25,2.29,0.0,6.25,8.69,0.0,17.64
95436,Sonoma,5999.0,2382.0,96023.0,44.2,2.4,11.3,41.3,4.576770711466393,70.4,2.16,28.5,97.2,6502.0,3.2,5.91,1.8,20.24,8.14,68.35,11.35
95437,Mendocino,15106.0,6337.0,55061.0,26.4,1.8,24.0,50.2,4.046553898385752,58.02,1.79,19.9,57.2,14028.0,1.49,4.66,1.22,9.51,8.06,54.69,6.24
95439,Sonoma,708.0,276.0,165216.0,22.6,0.0,30.1,58.0,4.578826210648489,88.04,2.66,29.0,97.4,846.0,1.54,5.79,0.59,5.48,7.96,88.04,3.84
95441,Sonoma,1842.0,745.0,128375.0,34.9,1.1,36.6,54.5,1.9315214116032138,65.23,2.28,15.3,6.9,3034.0,2.7,4.35,1.22,14.88,7.61,63.49,4.98
95442,Sonoma,2986.0,1421.0,131696.0,55.1,1.6,11.5,58.2,3.858622228701031,72.48,1.94,10.3,47.4,2777.0,6.59,7.74,2.12,28.31,7.34,69.18,1.79
95443,Lake,70.0,18.0,,62.1,0.0,74.3,6.7,1.8562979903656263,61.11,0.61,61.1,6.4,261.0,0.77,1.15,0.38,0.0,8.83,61.11,20.11
95444,Sonoma,748.0,240.0,210650.0,41.0,0.0,51.9,51.6,7.702917384948813,90.42,2.62,16.2,2214.8,971.0,5.87,7.42,2.68,26.73,7.69,90.42,3.68
95445,Mendocino,2102.0,861.0,93365.0,38.8,0.0,34.3,54.0,2.2300144001592104,66.9,1.79,18.7,9.3,3160.0,2.85,5.76,1.84,15.08,7.71,63.41,29.62
95446,Sonoma,4808.0,2452.0,88643.0,40.4,0.7,15.5,53.0,4.027135812528651,69.17,1.9,11.9,56.1,5263.0,3.33,7.18,1.41,20.74,8.13,61.66,14.7
95448,Sonoma,15868.0,6495.0,103048.0,44.6,1.3,27.7,45.3,3.4781584227982836,62.45,2.15,23.8,32.4,19753.0,4.82,5.29,1.86,24.34,7.54,60.82,1.93
95449,Mendocino,1828.0,593.0,80149.0,16.0,0.3,38.3,36.2,1.6863989535702288,41.65,2.22,29.0,5.4,1684.0,1.66,4.22,0.89,11.69,7.8,39.46,19.08
95450,Sonoma,215.0,99.0,77083.0,43.1,0.9,11.2,62.1,1.0647107369924282,74.75,1.71,9.1,2.9,456.0,4.39,7.46,1.54,22.64,7.58,56.57,21.74
95451,Lake,12793.0,4982.0,65417.0,18.8,0.6,37.5,43.4,3.86702563949741,72.44,2.15,22.7,47.8,12611.0,1.17,3.92,0.67,8.4,8.07,62.77,24.51
95452,Sonoma,1388.0,559.0,134293.0,75.2,11.0,8.7,35.8,3.6428355156125294,72.27,2.25,22.2,38.2,1345.0,6.99,9.07,1.93,29.21,7.4,72.27,2.48
95453,Lake,11888.0,4657.0,66775.0,23.9,1.2,13.8,44.3,4.001863709427935,74.53,2.1,23.3,54.7,12643.0,1.15,3.57,0.7,8.43,8.08,56.77,13.15
95454,Mendocino,1676.0,728.0,40053.0,5.8,1.7,10.3,55.4,0.8754687373538999,77.34,1.97,18.0,2.4,2500.0,0.92,3.4,0.52,6.45,7.97,61.13,13.15
95456,Mendocino,965.0,437.0,60972.0,64.4,2.5,12.3,50.0,3.5145260669691587,65.9,2.1,21.7,33.6,755.0,4.37,9.54,1.72,23.44,7.93,54.0,18.41
95457,Lake,3036.0,1419.0,52266.0,21.7,2.5,21.9,56.7,2.0412203288596382,76.32,2.05,11.6,7.7,4205.0,0.76,2.83,0.48,8.16,8.31,57.93,34.52
95458,Lake,3365.0,1457.0,49004.0,7.0,0.0,16.1,41.7,3.2809112157876537,72.61,1.97,23.1,26.6,2730.0,0.7,2.64,0.59,7.43,8.4,54.56,14.79
95459,Mendocino,718.0,328.0,66250.0,15.8,0.0,30.2,48.2,1.3609765531356006,60.67,2.23,26.5,3.9,550.0,2.55,4.36,2.55,21.28,7.71,58.23,16.01
95460,Mendocino,2144.0,1062.0,68478.0,40.4,1.8,5.6,60.8,3.342861804649192,76.84,1.74,8.9,28.3,2911.0,3.19,8.18,2.71,15.69,8.08,76.84,12.97
95461,Lake,3720.0,1319.0,81830.0,23.6,1.5,21.8,46.9,2.4336133554004498,71.34,2.46,32.6,11.4,4333.0,1.38,3.25,0.72,11.54,8.13,51.48,23.51
95462,Sonoma,1122.0,612.0,68333.0,38.5,1.6,10.4,62.6,4.335982696172475,80.39,1.97,6.0,76.4,1237.0,3.07,8.08,2.34,25.58,8.28,76.8,14.94
95463,Mendocino,14.0,7.0,,0.0,0.0,0.0,51.0,-0.6931471805599453,100.0,4.5,100.0,0.5,133.0,5.26,9.02,1.5,42.86,8.29,100.0,11.7
95464,Lake,2417.0,997.0,73157.0,16.0,2.6,29.0,42.9,5.49141399650995,63.79,2.18,28.3,242.6,2209.0,1.09,2.58,0.45,6.67,8.38,36.01,7.09
95465,Sonoma,1154.0,525.0,123650.0,53.0,3.6,12.1,47.7,2.3513752571634776,63.81,2.47,15.2,10.5,2334.0,4.71,8.65,2.27,26.32,7.87,59.62,8.94
95466,Mendocino,582.0,229.0,52614.0,49.3,0.0,19.4,61.2,0.8754687373538999,68.56,1.98,5.7,2.4,1423.0,1.97,4.92,0.98,12.96,8.02,55.02,2.05
95467,Lake,5721.0,2143.0,72292.0,25.9,0.3,12.9,49.9,5.345200952446887,85.49,2.1,26.9,209.6,6004.0,2.9,5.26,1.22,14.8,7.77,84.97,29.65
95468,Mendocino,1992.0,689.0,104429.0,38.2,0.0,28.0,40.5,2.4336133554004498,60.81,2.0,29.5,11.4,1441.0,2.15,5.97,1.73,8.41,8.05,56.17,23.35
95469,Mendocino,1503.0,618.0,66402.0,34.6,0.9,17.6,49.9,1.1631508098056809,67.48,2.25,14.7,3.2,1934.0,0.72,3.77,0.41,5.3,7.9,56.63,25.44
95470,Mendocino,6122.0,2182.0,66516.0,17.6,0.0,31.6,36.6,3.353406717825807,66.91,2.2,28.6,28.6,6559.0,1.28,4.48,0.81,7.96,7.73,56.1,13.5
95471,Sonoma,604.0,351.0,69046.0,42.7,4.1,13.2,60.5,5.363636832668679,71.79,1.79,19.7,213.5,193.0,1.55,3.11,1.55,0.0,8.82,71.79,12.74
95472,Sonoma,28588.0,11608.0,109775.0,50.2,2.5,14.0,50.9,5.074548619839908,72.02,2.18,25.1,159.9,25406.0,6.6,9.94,2.97,27.02,7.66,67.79,2.45
95476,Sonoma,35139.0,14996.0,108322.0,41.1,1.6,28.4,52.5,4.789988622980633,67.24,2.01,19.5,120.3,29255.0,5.21,7.47,1.99,22.87,7.5,60.04,1.52
95482,Mendocino,33396.0,11734.0,70063.0,21.4,3.3,32.5,39.2,3.713572066704308,56.2,1.84,30.6,41.0,29152.0,1.7,5.13,0.84,9.74,7.74,45.99,2.9
95485,Lake,2900.0,1203.0,84583.0,15.9,1.0,11.7,44.5,2.312535423847214,73.07,2.1,25.6,10.1,2734.0,0.55,2.52,0.33,4.82,8.04,55.69,5.94
95486,Sonoma,15.0,15.0,,60.0,0.0,0.0,,5.326904823399949,40.0,1.4,0.0,205.8,115.0,3.48,9.57,1.74,40.0,8.67,40.0,16.2
95488,Mendocino,309.0,220.0,,26.6,0.0,18.8,63.3,0.26236426446749106,100.0,1.39,3.2,1.3,186.0,2.69,3.76,1.08,11.11,8.16,94.09,18.2
95490,Mendocino,14627.0,5578.0,67069.0,23.0,1.6,22.7,42.9,2.6602595372658615,62.78,1.9,26.0,14.3,12721.0,1.01,4.37,0.73,7.32,8.12,54.98,10.41
95492,Sonoma,27455.0,9643.0,131022.0,34.9,1.8,32.6,42.4,6.306275286948016,75.02,2.33,36.8,548.0,24129.0,4.23,6.12,1.69,18.1,7.4,70.28,2.23
95493,Lake,91.0,34.0,97500.0,17.6,31.9,0.0,62.0,2.128231705849268,100.0,3.07,0.0,8.4,259.0,0.77,2.7,0.39,4.0,7.24,91.18,5.17
95494,Mendocino,169.0,80.0,,62.9,0.0,0.0,50.3,-0.5108256237659907,37.5,1.68,28.7,0.6,334.0,0.9,6.59,1.8,7.41,7.76,37.5,26.29
95497,Sonoma,1200.0,654.0,121731.0,72.1,4.3,2.5,70.0,3.349904087274605,95.11,1.88,0.0,28.5,604.0,10.76,8.61,2.48,37.14,7.15,95.11,38.97
95501,Humboldt,22972.0,9502.0,55076.0,33.6,5.5,14.4,39.5,6.9172104377528925,42.22,1.62,24.5,1009.5,17343.0,1.61,6.14,1.13,8.39,7.95,40.64,0.88
95503,Humboldt,24442.0,9976.0,76708.0,29.4,3.9,13.8,44.1,4.662495252607361,69.73,1.85,23.0,105.9,19801.0,1.58,6.08,1.36,8.11,7.91,61.43,9.48
95511,Humboldt,77.0,47.0,,0.0,0.0,0.0,70.2,-0.6931471805599453,100.0,3.38,0.0,0.5,188.0,0.0,2.13,0.0,0.0,9.22,100.0,17.85
95514,Humboldt,81.0,16.0,,30.6,0.0,0.0,46.5,-0.916290731874155,100.0,3.0,100.0,0.4,194.0,0.0,2.06,1.03,0.0,8.77,100.0,15.9
95519,Humboldt,18792.0,7550.0,66687.0,38.1,3.1,11.3,40.2,4.824305715904762,61.28,1.99,27.5,124.5,15520.0,2.27,7.13,1.9,11.12,7.95,55.02,6.68
95521,Humboldt,21684.0,8860.0,54324.0,45.0,2.3,14.9,29.2,4.76473475565943,36.69,1.66,19.3,117.3,13353.0,2.28,7.99,2.01,11.76,8.21,31.44,2.58
95524,Humboldt,1770.0,709.0,82697.0,54.4,0.0,8.1,46.1,4.23410650459726,79.97,2.15,29.9,69.0,1927.0,3.68,9.6,3.27,17.46,7.82,79.97,5.94
95525,Humboldt,1443.0,733.0,65250.0,36.6,2.3,6.4,56.7,1.9021075263969205,53.89,2.04,12.3,6.7,1847.0,1.73,5.52,1.41,11.81,8.16,45.57,14.67
95526,Humboldt,887.0,283.0,41563.0,14.4,0.3,10.6,40.8,1.1314021114911006,63.25,2.14,25.4,3.1,439.0,0.0,2.96,0.46,0.0,8.03,47.0,27.09
95527,Trinity,708.0,271.0,73125.0,19.1,0.0,0.0,43.0,0.6931471805599453,68.27,2.07,36.2,2.0,285.0,1.4,4.21,0.7,15.38,8.33,61.99,20.18
95528,Humboldt,1415.0,562.0,71250.0,23.1,0.0,6.1,49.0,1.6486586255873816,80.96,2.23,20.3,5.2,963.0,0.93,3.32,0.52,4.35,8.0,75.27,20.74
95531,Del Norte,22491.0,7691.0,66817.0,23.0,3.5,20.5,39.4,3.6402142821326553,67.77,2.02,30.7,38.1,17048.0,0.68,3.4,0.57,4.43,7.96,50.54,13.26
95536,Humboldt,3360.0,1299.0,66563.0,24.2,1.6,22.9,45.7,2.163323025660538,63.05,2.13,25.2,8.7,2955.0,0.88,4.16,0.88,4.91,7.82,61.51,12.4
95537,Humboldt,512.0,105.0,76116.0,17.5,0.0,0.0,26.0,7.739446268990141,33.33,3.52,0.0,2297.2,311.0,0.96,4.82,0.64,3.7,7.79,33.33,6.03
95540,Humboldt,14641.0,5696.0,62346.0,24.1,2.7,19.2,37.9,5.319589501823576,58.55,1.98,31.1,204.3,12460.0,1.22,4.87,0.89,6.32,7.95,55.3,0.88
95542,Humboldt,2831.0,1227.0,45049.0,20.6,0.3,9.4,47.6,1.7227665977411035,58.27,1.62,21.2,5.6,2162.0,1.34,3.47,0.46,10.53,8.21,55.58,6.6
95543,Del Norte,401.0,241.0,46620.0,27.0,0.0,11.7,61.7,0.4054651081081644,80.91,1.49,3.7,1.5,654.0,1.53,5.05,0.92,8.47,8.16,40.66,25.92
95545,Humboldt,335.0,75.0,,14.1,0.0,12.5,41.7,0.9555114450274363,81.33,2.25,24.0,2.6,152.0,0.66,2.63,1.97,0.0,8.37,81.33,20.94
95546,Humboldt,2436.0,755.0,52574.0,15.9,5.0,4.3,31.8,1.916922612182061,75.23,2.02,45.6,6.8,2208.0,0.36,4.12,0.32,1.94,7.04,51.39,12.56
95547,Humboldt,1144.0,457.0,85179.0,22.4,1.7,15.7,52.1,4.02535169073515,89.28,2.32,24.9,56.0,1405.0,1.14,4.98,1.0,5.13,7.93,80.53,6.2
95548,Del Norte,934.0,369.0,45139.0,18.3,1.4,10.2,53.3,1.33500106673234,76.15,2.0,24.7,3.8,1047.0,0.29,3.25,0.38,1.55,7.18,56.1,6.9
95549,Humboldt,1090.0,362.0,89583.0,40.1,0.6,4.1,34.7,1.308332819650179,76.24,2.88,29.8,3.7,857.0,3.15,7.23,3.03,18.42,8.06,68.78,22.08
95550,Humboldt,206.0,90.0,101167.0,41.8,0.0,0.5,28.9,-0.5108256237659907,28.89,2.06,10.0,0.6,293.0,1.02,4.1,0.0,5.71,7.56,28.89,24.65
95551,Humboldt,1870.0,657.0,73472.0,34.5,1.4,13.5,35.6,2.631888840136646,46.27,2.36,30.0,13.9,1428.0,1.33,4.9,1.12,6.85,7.76,45.21,4.85
95552,Trinity,433.0,225.0,21007.0,13.6,0.0,2.8,61.7,-1.2039728043259361,59.11,1.87,6.2,0.3,399.0,0.0,2.26,0.5,0.0,8.19,48.0,49.67
95553,Humboldt,734.0,355.0,41650.0,20.6,0.0,11.3,34.8,1.547562508716013,84.79,1.95,6.2,4.7,856.0,0.82,3.74,0.35,6.67,8.01,65.63,6.37
95554,Humboldt,352.0,148.0,36964.0,17.9,0.0,9.4,38.8,0.9932517730102834,52.7,2.2,35.8,2.7,386.0,0.26,4.4,0.26,0.0,8.37,37.84,5.99
95555,Humboldt,349.0,137.0,43250.0,16.4,0.0,7.7,47.8,0.47000362924573563,52.55,1.39,16.8,1.6,258.0,1.16,5.81,0.78,5.0,8.03,38.69,5.4
95556,Humboldt,854.0,293.0,,42.6,0.0,1.1,41.4,0.8754687373538999,83.62,1.75,64.8,2.4,400.0,0.0,5.25,1.0,0.0,7.57,74.06,28.71
95558,Humboldt,244.0,132.0,51250.0,24.8,7.8,0.0,62.6,-0.6931471805599453,73.48,2.0,22.7,0.5,384.0,1.04,3.12,0.52,6.67,8.58,67.42,32.23
95559,Humboldt,0.0,0.0,,0.0,0.0,0.0,,,,,0.0,0.0,128.0,0.78,1.56,0.78,0.0,9.29,,8.38
95560,Humboldt,1350.0,643.0,,0.0,0.0,0.4,46.9,2.7212954278522306,51.94,1.99,17.0,15.2,1979.0,0.76,3.74,0.86,7.21,8.45,51.94,7.97
95562,Humboldt,3384.0,1383.0,45801.0,9.5,3.1,31.8,32.0,3.937690752176724,59.51,1.87,29.4,51.3,2784.0,0.79,3.63,0.32,5.98,8.27,54.74,13.2
95563,Trinity,584.0,169.0,46607.0,16.9,0.9,0.2,43.2,1.308332819650179,40.83,1.62,23.7,3.7,531.0,0.19,4.33,0.38,2.7,8.1,33.73,14.16
95564,Humboldt,477.0,197.0,69250.0,17.0,0.0,17.6,41.6,3.6000482404073204,36.04,2.32,13.2,36.6,408.0,2.21,3.92,1.72,20.0,8.29,36.04,1.94
95565,Humboldt,891.0,315.0,88281.0,24.5,0.0,11.4,36.6,2.312535423847214,49.84,2.32,21.9,10.1,749.0,0.27,5.87,0.4,1.59,7.91,48.89,18.09
95567,Del Norte,2349.0,876.0,84250.0,5.4,0.6,20.9,38.7,2.6026896854443837,82.08,2.22,30.4,13.5,1840.0,0.54,3.04,0.71,0.58,7.94,61.07,4.38
95568,Siskiyou,201.0,34.0,128125.0,24.8,29.4,28.4,35.9,-0.10536051565782628,73.53,2.34,14.7,0.9,115.0,0.0,3.48,0.0,0.0,9.04,55.88,48.11
95569,Humboldt,190.0,120.0,36250.0,12.1,0.5,2.6,50.6,0.1823215567939546,70.0,1.9,0.0,1.2,203.0,0.99,4.93,0.0,8.33,8.41,27.5,14.98
95570,Humboldt,2480.0,1092.0,72143.0,58.0,0.9,8.3,48.3,3.2771447329921766,69.6,2.04,24.7,26.5,2410.0,3.65,8.88,3.28,19.74,7.87,64.65,17.42
95571,Humboldt,112.0,48.0,,0.0,0.0,0.0,37.9,4.4796069630127455,0.0,2.0,0.0,88.2,218.0,0.46,5.05,2.29,0.0,8.41,0.0,12.87
95573,Humboldt,990.0,563.0,43576.0,29.2,0.0,5.6,61.2,1.1631508098056809,72.47,2.08,11.2,3.2,1616.0,1.24,4.89,1.05,10.14,7.76,61.63,6.78
95585,Mendocino,598.0,245.0,36349.0,19.1,3.2,5.9,44.6,1.410986973710262,53.88,1.53,22.4,4.1,394.0,0.76,2.54,0.0,11.76,8.53,52.65,5.12
95587,Mendocino,0.0,0.0,,0.0,0.0,0.0,,,,,0.0,0.0,171.0,0.58,2.34,1.17,0.0,8.66,,5.38
95589,Humboldt,1467.0,646.0,45074.0,13.4,0.6,12.1,48.5,1.0647107369924282,79.1,1.67,25.4,2.9,1324.0,0.98,4.38,0.76,8.54,8.34,79.1,15.53
95595,Trinity,307.0,92.0,,9.4,0.0,0.0,56.2,-0.6931471805599453,59.78,1.64,0.0,0.5,193.0,0.0,0.0,0.0,0.0,8.48,59.78,31.55
95601,Amador,358.0,180.0,91233.0,25.3,0.8,4.7,43.7,4.324132656254979,66.67,1.49,13.3,75.5,366.0,3.28,5.19,2.19,20.0,7.78,63.33,9.47
95602,Placer,19248.0,7543.0,102063.0,34.6,1.1,14.4,53.1,4.994505912166372,81.06,2.24,21.4,147.6,17128.0,3.01,5.91,1.04,13.2,7.55,77.42,5.58
95603,Placer,28195.0,11871.0,80851.0,32.9,2.7,16.6,48.8,5.5943395632748185,67.08,1.94,23.4,268.9,25630.0,3.23,5.92,1.19,14.78,7.48,60.59,1.82
95604,Placer,24.0,12.0,,100.0,0.0,0.0,,4.041295341132285,0.0,2.0,0.0,56.9,2055.0,0.88,6.37,0.68,4.09,6.97,0.0,5.5
95605,Yolo,14711.0,4846.0,71361.0,23.7,9.2,47.1,32.4,7.293561749427117,47.23,1.74,31.2,1470.8,15591.0,2.38,5.06,1.02,7.64,6.9,44.72,1.02
95606,Yolo,230.0,111.0,,16.3,0.0,12.2,66.3,0.8754687373538999,90.99,3.85,2.7,2.4,408.0,1.96,3.68,1.47,4.65,6.21,90.99,23.85
95607,Yolo,271.0,104.0,143529.0,36.2,0.0,39.1,51.1,-0.2231435513142097,75.96,1.82,30.8,0.8,311.0,2.89,4.18,0.64,15.0,6.97,65.38,16.82
95608,Sacramento,63052.0,25856.0,83638.0,36.1,8.2,15.3,42.9,7.546499070662696,51.91,1.82,26.4,1894.1,45749.0,4.11,9.22,1.76,19.22,7.69,50.41,0.78
95610,Sacramento,46759.0,17625.0,77565.0,24.0,3.0,19.4,36.4,7.7123543848362255,52.32,1.91,29.0,2235.8,33766.0,2.92,7.24,1.14,15.48,7.91,50.83,2.28
95612,Yolo,1519.0,451.0,87031.0,30.5,4.0,41.4,43.4,2.302585092994046,49.22,2.38,30.6,10.0,1257.0,2.63,4.3,0.95,16.07,7.89,49.22,10.78
95614,El Dorado,4504.0,1701.0,129199.0,32.9,1.5,14.3,50.5,3.8877303128591016,92.89,2.59,30.7,48.8,4042.0,2.75,5.15,0.99,13.24,7.52,87.65,7.45
95615,Sacramento,978.0,390.0,70438.0,35.8,2.9,62.5,54.5,2.72785282839839,54.62,1.44,24.6,15.3,799.0,1.5,2.5,0.5,7.35,7.85,52.31,14.06
95616,Yolo,51863.0,18356.0,74758.0,75.3,24.7,15.5,23.4,6.59741851596555,36.54,1.66,17.1,733.2,32377.0,6.0,9.42,2.5,22.2,7.82,35.05,3.56
95618,Yolo,27007.0,10282.0,112454.0,72.3,23.7,17.9,31.8,5.693395381769714,54.28,1.96,25.2,296.9,20765.0,7.24,10.2,2.64,19.28,7.04,48.67,1.47
95619,El Dorado,6362.0,2557.0,74504.0,24.9,3.4,23.6,41.8,5.972791281842361,60.5,2.18,30.5,392.6,4852.0,0.87,4.08,0.56,7.01,7.96,48.1,3.79
95620,Solano,22367.0,7805.0,100224.0,24.0,4.0,41.5,34.7,3.5667118201397288,62.19,2.23,41.1,35.4,21652.0,3.09,5.3,0.92,13.38,7.35,61.54,8.92
95621,Sacramento,41747.0,16631.0,77377.0,20.3,5.5,19.4,40.4,7.748632571566418,68.61,1.89,26.5,2318.4,31174.0,2.32,6.57,0.98,12.47,7.94,57.27,1.66
95623,El Dorado,4725.0,1659.0,106190.0,27.3,1.0,13.8,48.2,3.5524868292083815,84.03,2.58,25.5,34.9,4535.0,1.74,4.54,0.79,9.4,7.76,78.36,11.39
95624,Sacramento,68036.0,20257.0,121269.0,33.2,28.0,16.9,38.4,6.386205691853171,76.91,2.41,44.1,593.6,55548.0,5.58,7.16,1.19,22.82,7.27,75.8,4.0
95625,Solano,248.0,120.0,103476.0,28.9,0.0,8.9,27.8,4.689511334421843,36.67,3.48,36.7,108.8,257.0,1.95,5.06,0.78,12.0,7.51,36.67,4.05
95626,Sacramento,4974.0,1728.0,92708.0,13.4,2.7,18.6,46.4,4.443827035579329,80.61,2.7,28.5,85.1,5446.0,2.06,5.97,1.1,11.31,7.95,78.65,9.08
95627,Yolo,3935.0,1140.0,104265.0,20.7,3.2,41.0,31.3,3.370738174177447,68.77,2.35,42.2,29.1,3471.0,1.41,2.91,0.46,8.0,7.87,55.88,16.06
95628,Sacramento,43783.0,16896.0,111582.0,43.9,4.8,13.5,44.6,7.183567178863431,70.39,2.02,28.4,1317.6,35524.0,4.53,8.07,1.75,19.23,7.49,68.83,2.54
95629,Amador,1047.0,491.0,,30.0,1.3,4.7,59.6,2.163323025660538,92.06,2.81,12.2,8.7,1364.0,1.32,3.45,0.51,6.67,8.06,89.41,20.21
95630,Sacramento,77952.0,29215.0,139182.0,58.5,20.4,13.0,40.4,6.938478451624977,69.08,2.02,37.9,1031.2,66312.0,9.41,8.35,2.11,29.45,6.82,65.57,2.28
95631,Placer,6934.0,2728.0,103947.0,20.8,0.4,16.7,45.0,2.856470206220483,82.77,2.45,31.9,17.4,6332.0,1.85,3.62,0.54,11.04,7.71,74.93,14.31
95632,Sacramento,31889.0,10081.0,90933.0,21.6,4.9,44.1,38.9,4.712229258281499,76.16,2.41,41.9,111.3,28314.0,2.23,4.19,0.66,10.68,7.52,71.8,3.55
95633,El Dorado,2653.0,1160.0,82500.0,17.6,2.2,16.4,45.8,3.2068032436339315,90.95,2.63,19.1,24.7,3202.0,1.37,4.53,0.91,6.79,7.79,66.64,13.45
95634,El Dorado,3792.0,1716.0,67900.0,24.0,2.5,9.8,55.0,2.9069010598473755,77.16,2.21,16.7,18.3,3183.0,1.76,2.58,0.47,17.58,7.85,67.37,22.92
95635,El Dorado,1424.0,558.0,81136.0,18.3,0.0,13.3,54.3,3.2771447329921766,93.01,2.52,21.5,26.5,1195.0,1.17,3.68,0.59,6.19,7.71,75.81,12.86
95636,El Dorado,1387.0,480.0,89705.0,28.5,0.0,2.4,44.2,1.5260563034950492,91.88,3.02,41.7,4.6,539.0,0.93,2.78,0.37,6.38,7.55,91.88,20.1
95637,Yolo,374.0,177.0,134663.0,30.9,0.0,7.5,64.5,1.916922612182061,74.58,2.42,9.0,6.8,428.0,2.8,3.27,0.7,19.35,7.74,74.58,23.58
95638,Sacramento,2295.0,843.0,92321.0,18.1,1.7,21.3,49.2,2.4159137783010487,86.71,2.36,25.0,11.2,2343.0,2.35,2.99,0.6,12.22,7.59,79.24,16.62
95639,Sacramento,286.0,67.0,,8.3,0.0,80.4,21.7,3.104586678466073,92.54,2.2,40.3,22.3,238.0,3.36,1.68,2.1,30.43,7.94,40.3,7.1
95640,Amador,12811.0,3934.0,94045.0,16.3,0.9,21.3,40.9,3.703768066607687,81.09,2.23,32.9,40.6,10315.0,1.29,3.79,0.68,7.64,7.64,73.89,14.63
95641,Sacramento,2086.0,890.0,76667.0,15.9,2.2,35.9,50.9,2.8154087194227095,82.13,2.14,22.6,16.7,1630.0,1.41,3.44,0.55,9.29,8.07,42.02,8.96
95642,Amador,7350.0,3050.0,85000.0,22.7,4.1,16.8,51.7,3.7256934272366524,68.69,2.15,23.9,41.5,9042.0,1.09,3.38,0.48,6.73,7.91,58.2,1.46
95645,Yolo,1363.0,498.0,66184.0,7.2,0.0,71.7,41.0,1.3862943611198906,78.51,2.36,41.0,4.0,1347.0,0.89,2.52,0.15,6.38,8.09,66.87,14.39
95646,Alpine,406.0,115.0,145341.0,83.3,0.0,26.6,37.9,3.3775875160230218,81.74,1.37,35.7,29.3,166.0,1.81,6.02,1.81,14.29,7.83,74.78,18.48
95648,Placer,56597.0,21316.0,108200.0,37.6,6.6,18.3,44.0,5.033700567027251,83.79,2.01,31.8,153.5,51142.0,5.47,7.27,1.42,19.9,7.0,82.59,6.27
95650,Placer,13314.0,5085.0,137263.0,46.3,2.6,7.7,46.5,5.311727053457954,89.93,2.48,28.3,202.7,14343.0,5.11,4.89,1.56,18.95,7.08,87.0,1.64
95651,El Dorado,623.0,218.0,,26.5,26.5,20.7,45.3,3.0301337002713233,60.55,1.99,21.6,20.7,961.0,2.5,5.62,1.04,13.04,7.65,60.55,13.0
95652,Sacramento,1665.0,412.0,24866.0,16.4,0.6,22.0,20.3,5.098646171418969,0.0,1.58,76.0,163.8,3586.0,4.57,1.23,2.09,12.82,6.74,0.0,1.99
95653,Yolo,682.0,229.0,,4.1,0.0,89.1,40.5,3.8897773964808264,83.41,2.05,18.3,48.9,453.0,0.44,2.65,0.0,7.14,8.56,83.41,16.78
95655,Sacramento,5029.0,1634.0,130500.0,39.6,6.9,16.5,34.6,5.320567975482857,75.89,1.98,50.4,204.5,4027.0,4.94,6.23,1.19,17.49,7.11,75.58,4.79
95658,Placer,6197.0,2332.0,128472.0,44.6,1.4,9.5,48.4,4.580877493419047,92.02,2.71,24.6,97.6,7391.0,3.87,5.3,1.41,16.68,7.39,81.73,7.41
95659,Sutter,673.0,257.0,67188.0,25.1,1.0,26.7,40.5,1.6094379124341003,73.15,2.36,28.4,5.0,729.0,0.96,3.57,0.41,7.41,7.43,59.92,18.08
95660,Sacramento,35668.0,10840.0,66957.0,11.4,7.2,36.7,33.1,7.818993267219641,60.26,1.94,38.3,2487.4,25061.0,1.87,6.83,0.95,9.55,7.98,54.81,2.16
95661,Placer,32599.0,13212.0,103745.0,43.7,9.2,15.4,42.7,7.2101535352695985,62.15,1.88,28.2,1353.1,27071.0,5.64,7.69,1.36,18.44,6.96,60.28,0.67
95662,Sacramento,31895.0,12339.0,93613.0,29.5,2.7,15.5,43.0,7.049688774870804,76.41,2.12,31.3,1152.5,27230.0,2.76,5.95,1.15,13.82,7.7,72.83,1.99
95663,Placer,3126.0,1175.0,157820.0,46.6,1.6,8.4,49.8,5.008633291425583,90.38,2.51,23.9,149.7,3143.0,4.39,5.5,1.72,18.65,7.2,84.34,4.31
95664,El Dorado,1261.0,615.0,97946.0,33.4,3.4,3.5,61.6,2.424802725718295,89.59,2.55,7.6,11.3,1408.0,2.7,4.47,1.7,15.71,7.63,78.05,11.33
95665,Amador,4903.0,2098.0,72381.0,22.3,0.4,11.3,52.0,4.528289141652134,86.22,2.3,25.5,92.6,5385.0,0.93,3.23,0.39,7.6,8.04,84.13,12.49
95666,Amador,6089.0,2604.0,79181.0,22.0,1.3,12.6,55.4,3.713572066704308,90.48,2.31,17.7,41.0,6827.0,0.83,2.42,0.53,5.58,8.21,87.02,25.81
95667,El Dorado,36286.0,14489.0,90499.0,28.6,1.0,14.0,49.1,4.379523504455763,75.23,2.21,25.0,79.8,35889.0,1.83,4.59,0.92,8.58,7.62,70.13,0.52
95668,Sutter,540.0,212.0,96250.0,17.3,0.9,22.0,47.7,1.2237754316221157,73.58,2.4,22.2,3.4,1440.0,1.39,2.29,0.56,2.6,6.28,62.74,13.43
95669,Amador,2359.0,972.0,90455.0,26.8,0.2,17.9,47.9,2.322387720290225,90.95,2.2,22.1,10.2,3639.0,1.87,3.19,0.41,14.19,7.92,79.32,17.2
95670,Sacramento,59314.0,21936.0,90414.0,32.3,11.6,21.1,36.8,7.567087111047352,55.62,1.82,33.1,1933.5,44305.0,4.02,8.17,1.44,18.18,7.61,52.44,0.59
95672,El Dorado,5630.0,1996.0,145769.0,39.0,1.5,13.9,49.7,4.594109238628667,93.39,2.65,29.0,98.9,4913.0,4.01,5.8,1.16,17.14,7.29,92.84,8.25
95673,Sacramento,16935.0,5255.0,96694.0,16.6,7.9,25.5,37.6,5.999680701879322,73.04,2.47,37.5,403.3,13535.0,1.99,5.47,0.96,11.37,8.0,70.2,6.2
95674,Sutter,992.0,293.0,109063.0,21.6,3.3,9.5,38.4,2.4765384001174837,75.43,2.59,43.7,11.9,867.0,1.5,1.61,0.23,9.64,7.89,59.39,18.06
95675,Amador,345.0,84.0,,73.8,0.0,6.1,36.2,6.461624414147958,100.0,3.38,75.0,640.1,456.0,0.0,1.97,0.0,0.0,9.14,100.0,20.46
95677,Placer,28873.0,10838.0,104985.0,43.5,6.9,15.0,38.1,7.20228882638302,67.92,2.04,33.2,1342.5,25699.0,5.02,6.71,1.63,17.65,7.07,62.96,0.89
95678,Placer,45744.0,17954.0,104704.0,38.7,8.2,22.8,37.6,7.431358915107343,54.93,1.9,30.9,1688.1,34751.0,3.99,6.89,1.15,16.08,7.37,51.11,1.58
95679,Yolo,113.0,52.0,,32.3,0.0,0.0,55.3,0.0,80.77,3.06,30.8,1.0,109.0,2.75,6.42,0.92,12.5,8.57,80.77,30.77
95680,Sacramento,10.0,10.0,,0.0,0.0,0.0,,0.5877866649021191,100.0,1.0,0.0,1.8,118.0,2.54,1.69,0.0,11.11,7.54,100.0,12.54
95681,Placer,1525.0,390.0,80000.0,34.7,0.0,24.5,29.6,3.459466289786131,81.54,2.81,54.1,31.8,1308.0,1.07,3.29,0.15,6.96,7.92,63.85,15.03
95682,El Dorado,29249.0,11544.0,115621.0,39.9,2.1,12.8,46.8,4.933034048072704,74.88,2.29,28.5,138.8,28097.0,3.3,5.41,1.19,14.69,7.45,70.3,4.94
95683,Sacramento,6128.0,2661.0,130439.0,55.2,6.0,19.6,54.0,3.242592351485517,93.12,2.03,22.2,25.6,6157.0,5.81,6.97,1.69,19.4,7.05,86.73,1.53
95684,El Dorado,2637.0,1356.0,78163.0,30.5,1.7,16.3,59.6,1.9315214116032138,79.5,2.23,7.4,6.9,2834.0,2.01,3.95,0.74,11.54,7.58,66.15,18.4
95685,Amador,4611.0,2126.0,64506.0,28.6,0.3,11.1,57.5,3.5779478934066544,67.17,1.96,16.2,35.8,5239.0,2.1,4.49,0.84,11.47,7.89,65.29,9.29
95686,San Joaquin,1123.0,379.0,43482.0,11.4,0.8,55.7,33.7,2.760009940032921,51.98,2.37,34.3,15.8,971.0,1.34,2.37,0.31,6.02,8.12,44.59,11.81
95687,Solano,69741.0,22991.0,106648.0,24.5,9.9,26.2,38.0,6.435188367333237,66.33,2.2,32.4,623.4,51748.0,3.75,6.66,0.99,15.77,7.39,61.97,4.43
95688,Solano,39216.0,14120.0,115791.0,34.1,10.3,25.6,40.0,5.227358277607543,71.06,2.26,30.5,186.3,35009.0,3.52,6.1,0.99,13.99,7.27,67.5,6.83
95689,Amador,1065.0,500.0,107500.0,32.0,3.5,4.7,60.2,2.6741486494265287,84.8,2.22,11.8,14.5,1988.0,1.11,2.46,0.3,9.16,8.12,83.2,20.74
95690,Sacramento,1793.0,612.0,88173.0,39.7,3.2,53.7,35.1,2.3978952727983707,52.78,2.3,36.1,11.0,2126.0,2.4,3.86,0.8,12.04,7.87,52.78,12.89
95691,Yolo,39894.0,14284.0,100822.0,37.4,13.8,29.0,35.4,5.848171377281505,63.5,1.93,40.9,346.6,32895.0,4.7,7.51,1.31,17.95,7.25,56.81,3.79
95692,Yuba,4966.0,1776.0,86488.0,21.2,1.6,20.4,39.3,3.55820113047182,65.82,2.31,34.5,35.1,4452.0,1.59,4.2,0.63,10.41,7.69,58.61,14.97
95693,Sacramento,7623.0,2356.0,127313.0,35.2,7.3,24.6,49.1,3.8394523125933104,88.12,2.85,25.8,46.5,7418.0,3.34,5.28,1.09,15.09,7.33,79.46,12.65
95694,Yolo,10156.0,3484.0,107415.0,31.7,2.0,42.8,39.1,3.265759410767051,63.29,2.37,35.1,26.2,9710.0,3.13,5.28,0.88,13.16,7.49,58.7,18.15
95695,Yolo,38787.0,14439.0,78875.0,26.9,3.9,51.6,37.6,4.6549122778829055,53.01,1.98,33.8,105.1,29640.0,1.94,5.2,0.87,9.83,7.77,51.48,6.63
95697,Yolo,264.0,82.0,,0.0,0.0,92.8,15.4,6.4444491711841225,0.0,2.79,68.3,629.2,582.0,0.17,2.23,0.52,0.0,8.07,0.0,4.37
95698,Yolo,255.0,154.0,,37.6,0.0,42.4,60.8,0.8754687373538999,66.23,1.85,10.4,2.4,294.0,1.36,4.76,0.68,6.45,7.83,66.23,6.0
95699,Amador,86.0,23.0,250001.0,34.7,0.0,12.8,48.2,2.2082744135228043,73.91,2.3,56.5,9.1,135.0,2.22,7.41,0.74,6.67,7.17,73.91,11.95
95701,Placer,1077.0,402.0,96750.0,35.2,1.6,3.3,52.9,2.4932054526026954,92.29,2.58,12.9,12.1,959.0,2.09,3.65,0.73,15.69,7.64,90.55,20.97
95703,Placer,2099.0,725.0,98734.0,28.7,0.6,9.9,46.6,5.298317366548036,78.21,2.96,26.6,200.0,1939.0,1.91,4.9,0.72,10.94,7.8,74.48,9.57
95709,El Dorado,5844.0,2435.0,79196.0,32.2,1.9,10.1,51.5,4.632785353021065,72.61,2.57,22.6,102.8,4697.0,2.17,4.22,0.77,10.37,7.78,67.84,8.87
95713,Placer,10471.0,3895.0,91329.0,27.9,1.6,11.8,45.1,4.032469158504013,79.56,2.47,26.1,56.4,7615.0,2.34,4.82,0.88,14.25,7.76,72.99,2.92
95714,Placer,383.0,164.0,79375.0,36.7,0.0,3.7,51.0,3.8110970868381857,76.83,2.38,22.6,45.2,316.0,1.9,5.06,0.63,12.0,7.84,76.83,14.7
95715,Placer,85.0,31.0,158819.0,42.0,0.0,0.0,50.8,0.1823215567939546,100.0,1.55,9.7,1.2,96.0,2.08,2.08,0.0,0.0,8.18,100.0,12.27
95717,Placer,111.0,51.0,,25.0,0.0,18.9,46.5,1.5040773967762742,41.18,2.11,11.8,4.5,244.0,1.64,2.46,0.41,14.29,7.54,41.18,10.32
95720,El Dorado,52.0,25.0,,30.4,0.0,0.0,55.1,-1.6094379124341003,100.0,2.36,28.0,0.2,89.0,1.12,1.12,1.12,8.33,6.88,100.0,20.95
95721,El Dorado,0.0,0.0,,0.0,0.0,0.0,,,,,0.0,0.0,6.0,0.0,0.0,0.0,0.0,1.0,,6.32
95722,Placer,4439.0,1804.0,101023.0,44.0,1.6,9.7,58.7,5.017941869278694,88.41,2.68,21.3,151.1,5180.0,4.19,5.25,1.39,17.21,7.3,84.7,9.2
95726,El Dorado,8229.0,3446.0,95125.0,23.0,2.4,10.2,46.4,3.735285826928092,82.1,2.22,24.5,41.9,7630.0,1.65,3.6,0.47,8.14,7.64,74.58,1.58
95728,Placer,593.0,255.0,113224.0,74.9,7.4,4.2,48.7,2.856470206220483,83.92,2.02,20.0,17.4,466.0,5.58,3.86,1.29,22.39,6.93,83.92,12.16
95735,El Dorado,54.0,23.0,106375.0,70.5,0.0,0.0,46.6,0.0,100.0,2.63,0.0,1.0,101.0,1.98,13.86,0.99,6.25,6.78,100.0,12.77
95736,Placer,187.0,77.0,,51.4,0.0,61.0,37.1,6.096950054953959,0.0,1.84,0.0,444.5,1044.0,1.34,4.21,0.86,9.3,8.09,0.0,5.31
95742,Sacramento,16287.0,4788.0,154602.0,51.8,27.7,15.2,37.9,4.829113417472866,87.36,2.26,45.9,125.1,20934.0,9.97,8.31,1.68,28.83,6.48,85.25,6.26
95746,Placer,22549.0,7777.0,182321.0,61.3,10.4,9.8,48.2,6.262064039578487,89.01,2.39,36.6,524.3,21088.0,8.85,6.77,2.3,25.98,6.75,85.08,5.88
95747,Placer,78987.0,28590.0,133595.0,46.7,17.7,13.2,40.3,6.487227293196927,81.37,2.02,37.1,656.7,76014.0,8.49,9.09,1.79,26.79,6.73,80.13,1.91
95757,Sacramento,54535.0,15459.0,133443.0,41.5,40.1,18.5,38.2,5.832761855912661,72.6,2.35,51.1,341.3,45586.0,9.56,9.45,1.63,30.04,6.86,71.84,5.54
95758,Sacramento,65999.0,21995.0,115146.0,37.2,26.9,19.5,40.3,7.563719668414366,70.77,2.14,39.8,1927.0,48908.0,5.51,8.41,1.35,23.05,7.44,68.49,2.1
95762,El Dorado,47262.0,16685.0,165979.0,58.6,12.6,9.9,45.5,6.022478600637151,87.19,2.24,36.9,412.6,44239.0,9.33,7.11,2.13,25.26,6.58,86.11,2.49
95765,Placer,43225.0,14604.0,130691.0,52.0,13.4,14.7,38.3,7.176789557061435,68.69,2.15,41.9,1308.7,34813.0,8.05,7.72,1.77,25.42,6.81,67.42,0.81
95776,Yolo,27189.0,8223.0,104020.0,36.0,13.2,46.0,34.7,4.716711560720999,68.19,2.34,44.1,111.8,25240.0,4.24,6.41,1.0,17.57,7.25,62.22,1.53
95811,Sacramento,8487.0,4831.0,77760.0,53.5,12.1,21.0,33.8,6.920770216059632,16.85,1.18,6.1,1013.1,9395.0,4.29,6.77,2.21,16.96,7.22,11.43,0.28
95814,Sacramento,12355.0,6987.0,46637.0,40.2,12.5,20.5,37.7,8.180488927878862,10.36,0.8,5.5,3570.6,9662.0,5.08,6.85,2.43,20.97,7.44,7.01,0.43
95815,Sacramento,26511.0,9737.0,58590.0,16.9,11.0,42.1,33.6,7.121979168121693,37.36,1.71,32.0,1238.9,16859.0,1.98,4.91,0.73,12.46,8.1,35.47,0.29
95816,Sacramento,19079.0,11085.0,90521.0,65.2,4.6,19.7,35.7,8.245148219743855,29.9,1.37,9.0,3809.1,23924.0,9.05,5.66,1.72,33.57,6.97,28.25,0.73
95817,Sacramento,14123.0,6666.0,64621.0,48.2,10.7,24.1,34.4,7.849596791700297,39.35,1.51,20.2,2564.7,8498.0,4.28,8.03,1.66,20.7,7.93,37.95,0.49
95818,Sacramento,22798.0,10647.0,120509.0,62.2,8.9,21.8,40.1,7.6509299531417305,57.26,1.65,22.3,2102.6,16340.0,7.58,9.16,2.97,28.38,7.22,56.29,0.75
95819,Sacramento,20173.0,8332.0,127500.0,68.3,6.4,19.3,37.1,7.605442139584114,69.97,1.68,23.5,2009.1,13532.0,7.52,8.31,2.59,26.12,7.18,68.78,1.87
95820,Sacramento,35359.0,13686.0,69905.0,27.5,10.5,40.7,36.2,7.846355297776126,57.34,1.8,26.6,2556.4,23919.0,2.4,5.87,1.02,14.5,8.07,56.44,0.98
95821,Sacramento,38372.0,15662.0,58331.0,28.4,13.3,20.3,38.1,7.622027741157031,48.27,1.57,30.3,2042.7,25462.0,2.99,10.09,1.4,13.39,7.77,44.57,2.62
95822,Sacramento,46269.0,16689.0,80835.0,28.1,17.7,33.6,37.6,7.608424100940929,62.6,1.95,32.8,2015.1,33614.0,3.25,6.51,1.12,16.54,7.81,61.48,2.26
95823,Sacramento,83254.0,24569.0,63701.0,16.1,24.8,35.2,32.8,7.883484046604904,46.03,1.97,43.8,2653.1,50425.0,2.07,5.76,0.66,13.55,8.12,41.47,1.96
95824,Sacramento,32432.0,9359.0,53938.0,12.2,28.7,43.1,31.6,7.9732588050824935,42.53,1.82,45.9,2902.3,19773.0,1.78,4.89,0.5,13.08,8.23,39.62,1.08
95825,Sacramento,37077.0,15833.0,64264.0,32.9,11.7,23.7,32.1,8.121866515280997,24.83,1.39,23.6,3367.3,20639.0,3.4,11.5,1.34,15.02,7.71,19.07,1.04
95826,Sacramento,40500.0,15908.0,77689.0,35.6,10.6,23.1,33.7,7.182200124651898,54.84,1.79,28.8,1315.8,27374.0,2.93,7.01,1.17,13.94,7.75,49.61,1.52
95827,Sacramento,21032.0,7588.0,82382.0,27.4,9.5,23.7,35.2,6.8790471148453936,61.72,1.95,34.3,971.7,20024.0,3.01,7.94,1.03,12.88,7.25,53.82,0.71
95828,Sacramento,60532.0,18000.0,77524.0,17.2,37.5,26.5,36.2,7.561953709403507,65.32,2.16,39.1,1923.6,52443.0,3.06,5.93,0.88,16.72,7.81,57.61,2.54
95829,Sacramento,31370.0,9296.0,110269.0,31.9,40.6,20.0,37.2,6.393757964050511,75.59,2.36,42.2,598.1,29429.0,6.83,8.19,1.31,26.31,7.17,74.82,7.48
95830,Sacramento,592.0,169.0,135083.0,44.6,9.1,9.1,48.9,2.856470206220483,92.9,2.81,30.2,17.4,930.0,4.09,6.45,1.08,15.17,7.2,92.9,8.86
95831,Sacramento,44366.0,19344.0,96509.0,50.8,26.4,19.4,41.3,7.696121726123017,56.93,1.72,26.1,2199.8,30768.0,5.46,9.18,1.69,22.73,7.55,56.34,4.46
95832,Sacramento,12973.0,3217.0,78230.0,11.7,33.3,35.5,33.2,6.310463584065713,66.49,2.4,50.8,550.3,7784.0,2.66,5.38,0.75,16.56,7.92,64.59,2.11
95833,Sacramento,40205.0,15544.0,87016.0,31.7,10.0,40.9,35.6,7.4856599440298055,51.27,1.91,32.2,1782.3,27424.0,4.08,6.97,1.15,19.08,7.62,50.31,2.12
95834,Sacramento,35062.0,12598.0,98169.0,39.5,29.2,27.6,34.6,7.195262336119631,53.22,1.79,35.8,1333.1,32182.0,6.59,10.54,2.56,22.55,6.98,48.79,0.18
95835,Sacramento,41678.0,14912.0,114413.0,50.6,30.1,18.9,38.7,7.474942332413878,68.84,1.97,40.3,1763.3,31906.0,8.58,9.31,1.68,30.46,7.06,64.61,1.66
95837,Sacramento,263.0,111.0,176250.0,32.2,0.8,0.0,54.5,1.7227665977411035,65.77,2.64,4.5,5.6,604.0,7.28,3.64,0.0,15.65,6.66,63.06,2.58
95838,Sacramento,40295.0,11951.0,63969.0,14.4,17.9,36.9,32.8,7.409863012128405,55.47,2.06,40.4,1652.2,29428.0,1.99,4.82,0.58,10.7,7.9,53.7,1.14
95841,Sacramento,21232.0,8335.0,62305.0,26.5,6.0,17.0,37.4,7.600952458292124,38.38,1.65,28.8,2000.1,14386.0,2.67,8.86,1.38,13.44,7.85,33.88,1.61
95842,Sacramento,35031.0,11902.0,67170.0,16.5,12.0,23.0,33.0,8.144127507354732,49.28,1.82,41.5,3443.1,22390.0,2.53,8.75,1.26,13.47,7.97,42.09,0.74
95843,Sacramento,48321.0,15105.0,94753.0,24.4,12.3,14.1,35.9,7.963425271322416,66.47,2.09,40.0,2873.9,36798.0,4.48,9.1,1.37,19.98,7.58,63.71,2.21
95864,Sacramento,25137.0,9875.0,129083.0,58.1,7.7,14.5,44.0,7.347557399494751,75.44,2.07,31.1,1552.4,19102.0,6.83,8.1,2.24,23.65,7.09,74.73,2.09
95901,Yuba,36807.0,13060.0,68109.0,16.6,8.9,27.7,34.7,4.268297869345539,55.07,1.96,38.4,71.4,26186.0,1.43,3.86,0.54,8.03,7.77,50.19,12.03
95903,Yuba,2072.0,591.0,57356.0,33.2,4.8,13.7,23.3,4.007333185232471,3.89,1.54,41.6,55.0,663.0,4.83,4.68,1.06,9.58,6.26,2.03,16.26
95910,Sierra,35.0,18.0,,0.0,0.0,0.0,,-0.916290731874155,100.0,2.0,0.0,0.4,105.0,0.0,0.95,0.95,,10.63,100.0,29.98
95912,Colusa,5048.0,1543.0,80893.0,10.5,0.0,66.9,36.2,2.3702437414678603,68.31,2.43,38.0,10.7,5177.0,0.87,2.9,0.37,4.41,7.71,63.9,16.79
95914,Butte,459.0,185.0,84688.0,26.7,0.0,15.7,63.5,2.4849066497880004,85.41,2.45,15.7,12.0,720.0,0.83,3.47,0.69,11.36,8.14,64.86,20.67
95915,Plumas,0.0,0.0,,0.0,0.0,0.0,,,,,0.0,0.0,19.0,0.0,5.26,0.0,,11.0,,20.04
95916,Butte,765.0,320.0,42963.0,12.0,0.0,7.1,53.5,1.0296194171811581,81.56,2.73,15.9,2.8,608.0,0.33,2.63,0.16,0.0,8.05,40.62,24.43
95917,Butte,3561.0,1176.0,80698.0,15.9,0.8,25.4,33.6,2.9856819377004897,73.47,2.24,31.7,19.8,2984.0,0.97,2.71,0.34,7.42,7.74,69.47,8.47
95918,Yuba,1842.0,926.0,55795.0,20.2,2.4,10.7,61.0,2.2925347571405443,90.06,2.22,12.9,9.9,2460.0,2.03,4.55,0.45,10.29,7.54,80.24,25.0
95919,Yuba,1110.0,517.0,,4.3,0.0,3.0,37.8,2.8507065015037334,78.72,2.44,28.6,17.3,1065.0,0.47,2.82,0.28,1.47,8.19,59.77,26.96
95920,Glenn,171.0,77.0,,16.8,7.6,34.5,31.3,-0.10536051565782628,59.74,1.55,23.4,0.9,239.0,1.26,4.18,1.26,3.85,7.11,54.55,23.75
95922,Yuba,495.0,286.0,37250.0,18.1,0.0,12.7,64.0,1.0296194171811581,60.14,1.82,8.4,2.8,507.0,0.59,3.55,0.0,4.55,8.66,40.91,27.1
95923,Plumas,60.0,38.0,54583.0,16.7,3.3,5.0,75.3,0.8329091229351039,100.0,2.58,0.0,2.3,142.0,0.0,0.7,0.0,0.0,6.63,100.0,26.09
95925,Yuba,219.0,72.0,,53.3,0.0,37.4,26.7,0.8754687373538999,29.17,1.69,43.1,2.4,239.0,0.42,4.18,0.42,0.0,8.06,29.17,28.2
95926,Butte,42143.0,17035.0,62334.0,44.7,5.6,20.2,27.5,7.755295967027176,42.01,1.86,24.7,2333.9,23071.0,1.92,6.94,1.05,8.67,7.86,39.41,1.19
95928,Butte,37533.0,15807.0,65350.0,41.4,3.1,20.2,33.5,4.635699391022914,42.29,1.83,20.9,103.1,25837.0,2.51,6.24,1.04,10.41,7.59,40.09,4.38
95930,Butte,412.0,109.0,,0.0,0.0,0.0,27.6,2.2407096892759584,57.8,2.39,42.2,9.4,307.0,0.65,2.28,0.33,8.33,8.17,57.8,32.25
95932,Colusa,7672.0,2909.0,67589.0,14.3,1.2,51.6,39.2,3.1484533605716547,63.11,1.89,33.3,23.3,7438.0,0.55,2.62,0.42,3.27,7.53,59.68,16.02
95934,Plumas,57.0,49.0,,29.8,0.0,0.0,75.9,0.0,100.0,1.98,0.0,1.0,279.0,0.36,1.43,1.08,0.0,8.41,87.76,14.9
95935,Yuba,564.0,252.0,51603.0,32.7,6.9,6.4,54.0,2.2082744135228043,90.08,1.85,19.4,9.1,683.0,0.59,3.95,0.59,4.0,8.07,82.14,19.8
95936,Sierra,191.0,66.0,111643.0,14.2,0.0,20.9,61.9,-0.35667494393873245,100.0,3.31,0.0,0.7,634.0,0.63,2.05,0.16,6.38,7.72,100.0,35.45
95937,Yolo,996.0,447.0,46650.0,32.2,5.1,25.5,43.7,2.028148247292285,61.74,1.94,17.0,7.6,1405.0,0.78,4.34,0.36,2.31,7.95,28.41,2.24
95938,Butte,4327.0,1484.0,103229.0,40.2,5.0,17.1,46.5,3.1441522786722644,68.26,2.44,29.5,23.2,4145.0,1.69,3.91,0.58,7.25,7.52,62.2,12.49
95939,Glenn,323.0,156.0,35893.0,26.0,2.2,8.4,61.3,-0.916290731874155,42.95,1.42,12.2,0.4,287.0,0.0,2.44,0.0,0.0,7.83,31.41,31.19
95941,Butte,342.0,105.0,69464.0,1.2,1.5,0.0,33.9,2.0794415416798357,98.1,2.56,40.0,8.0,382.0,0.26,3.66,1.05,0.0,7.56,58.1,26.02
95942,Butte,2190.0,869.0,153270.0,34.3,0.0,9.8,44.1,2.7343675094195836,93.44,2.55,33.3,15.4,1366.0,2.34,4.39,0.73,14.08,7.65,86.65,36.84
95943,Glenn,536.0,254.0,64167.0,11.4,0.0,16.6,44.0,1.1631508098056809,56.69,2.18,12.2,3.2,1103.0,0.63,1.72,0.09,2.54,7.58,53.54,17.52
95944,Sierra,91.0,91.0,,26.4,0.0,0.0,,-0.35667494393873245,0.0,0.74,0.0,0.7,91.0,0.0,0.0,0.0,0.0,9.27,0.0,31.17
95945,Nevada,27675.0,12008.0,61068.0,32.4,0.9,10.9,49.4,5.083265985131163,56.35,1.78,24.3,161.3,22238.0,1.84,5.18,0.88,10.88,8.04,51.1,7.51
95946,Nevada,9448.0,3738.0,84700.0,35.3,1.0,14.5,57.0,4.441474093317302,82.18,2.25,17.7,84.9,9144.0,2.7,5.89,1.18,13.05,7.72,78.41,11.82
95947,Plumas,1105.0,469.0,97656.0,15.1,0.0,3.1,52.7,1.1631508098056809,84.65,2.35,24.9,3.2,1405.0,0.36,1.78,0.28,2.54,7.43,76.76,26.59
95948,Butte,11118.0,3721.0,60759.0,18.8,1.4,36.1,35.7,4.0163830207523885,56.09,2.18,37.5,55.5,9829.0,0.81,2.57,0.28,4.85,7.97,53.16,6.73
95949,Nevada,20709.0,8166.0,90309.0,32.3,0.6,8.4,54.4,4.046553898385752,86.25,2.34,17.4,57.2,19579.0,2.11,5.18,0.96,11.54,7.81,76.44,12.46
95950,Colusa,452.0,175.0,,13.8,0.0,42.3,57.5,1.2237754316221157,55.43,1.71,10.9,3.4,461.0,0.65,2.39,0.22,4.0,7.69,40.0,18.53
95951,Glenn,2743.0,772.0,71331.0,11.0,3.3,84.0,26.1,3.937690752176724,64.51,2.16,37.8,51.3,2160.0,0.97,2.27,0.19,6.8,8.3,59.07,13.97
95953,Sutter,10945.0,3401.0,66614.0,14.1,15.9,40.6,37.8,3.6027767550605247,68.04,2.28,38.9,36.7,9366.0,1.4,3.34,0.35,7.61,7.56,64.95,14.86
95954,Butte,8488.0,3460.0,61808.0,21.2,2.0,10.0,47.0,3.8199077165203406,83.87,2.19,27.2,45.6,6748.0,0.73,3.29,0.41,5.84,8.19,53.53,12.74
95955,Colusa,1311.0,472.0,61500.0,21.0,0.0,67.7,31.6,1.410986973710262,70.76,2.06,37.7,4.1,1466.0,0.27,2.18,0.55,2.55,7.69,70.55,6.42
95956,Plumas,486.0,192.0,63074.0,16.2,0.0,2.1,61.7,1.0296194171811581,80.73,1.58,17.7,2.8,456.0,0.88,1.54,0.44,14.29,8.1,62.5,20.44
95957,Sutter,770.0,281.0,79375.0,25.2,0.0,26.4,37.8,1.4586150226995167,60.5,2.41,39.5,4.3,678.0,0.88,1.47,0.0,6.35,7.76,51.25,18.25
95959,Nevada,18017.0,7256.0,79509.0,45.4,2.7,8.5,54.2,3.332204510175204,77.44,2.18,19.7,28.0,17435.0,3.09,6.44,1.49,16.39,7.83,75.77,15.07
95960,Sierra,568.0,251.0,40099.0,14.9,0.9,1.6,37.6,1.4816045409242156,56.57,1.41,29.5,4.4,1232.0,1.38,4.22,0.49,13.46,8.54,52.99,22.42
95961,Yuba,33439.0,9906.0,85404.0,17.6,8.0,38.6,32.1,5.649326288860142,72.0,2.23,48.3,284.1,25582.0,2.8,5.01,0.76,13.99,7.53,68.2,8.73
95962,Yuba,1136.0,450.0,66500.0,21.4,0.7,0.9,35.3,2.667228206581955,78.44,2.44,21.3,14.4,1301.0,1.61,7.92,0.69,10.84,8.49,69.56,22.01
95963,Glenn,16483.0,5642.0,68654.0,17.1,1.3,43.2,38.8,3.0155349008501706,67.81,2.26,38.6,20.4,14843.0,0.7,2.78,0.34,3.88,7.77,59.93,4.11
95965,Butte,20854.0,7218.0,53367.0,15.9,15.7,20.4,36.4,3.1822118404966093,60.99,1.98,31.2,24.1,16398.0,0.7,3.45,0.45,3.56,7.93,49.21,10.77
95966,Butte,29335.0,11593.0,63948.0,17.0,5.6,18.0,43.1,4.079230924412053,74.67,1.99,27.4,59.1,23646.0,0.77,3.55,0.51,4.42,7.94,58.35,11.95
95968,Butte,1346.0,563.0,37531.0,2.2,2.0,43.8,42.3,5.717356594683319,51.15,2.33,18.5,304.1,1670.0,0.66,2.63,0.24,5.77,8.26,37.48,7.33
95969,Butte,7804.0,3447.0,72250.0,30.3,1.7,7.9,59.3,3.910021002757473,80.94,1.98,18.4,49.9,10630.0,1.49,4.66,0.74,7.96,7.47,71.4,4.44
95970,Colusa,494.0,172.0,82692.0,8.2,0.0,22.3,45.2,1.3862943611198906,61.63,2.29,30.8,4.0,607.0,0.66,0.82,0.16,4.69,7.6,59.3,19.41
95971,Plumas,6288.0,2138.0,83571.0,20.4,0.5,8.1,49.5,3.173878458937465,66.04,2.25,27.1,23.9,6856.0,0.51,2.3,0.44,5.07,8.1,57.48,3.17
95973,Butte,37977.0,15024.0,92228.0,40.8,4.8,18.5,37.7,3.7727609380946383,63.54,2.02,30.7,43.5,30880.0,2.0,5.69,0.97,8.57,7.42,54.13,14.97
95974,Butte,93.0,59.0,,36.6,0.0,0.0,76.1,1.4586150226995167,100.0,2.0,0.0,4.3,438.0,0.68,2.28,0.0,5.26,7.38,100.0,18.0
95975,Nevada,1615.0,649.0,74954.0,21.6,0.4,0.0,38.9,4.361823927356363,83.82,2.37,44.5,78.4,1693.0,2.19,4.49,1.24,12.8,7.82,80.59,8.03
95977,Yuba,1738.0,660.0,100909.0,18.1,4.4,13.3,43.1,2.833213344056216,97.88,2.82,34.4,17.0,1622.0,1.66,4.56,0.8,10.37,7.95,94.39,19.41
95978,Butte,283.0,65.0,56250.0,7.1,0.0,10.2,12.9,2.9338568698359038,60.0,2.2,80.0,18.8,201.0,0.0,2.99,0.5,0.0,9.25,60.0,15.65
95979,Colusa,475.0,209.0,32321.0,14.7,1.1,11.6,60.5,-0.5108256237659907,63.16,1.93,17.7,0.6,476.0,0.63,3.99,0.42,2.33,7.77,48.33,29.66
95981,Plumas,60.0,28.0,,0.0,0.0,0.0,69.5,-0.5108256237659907,100.0,1.29,0.0,0.6,84.0,0.0,2.38,0.0,0.0,8.15,100.0,34.48
95982,Sutter,2971.0,1120.0,96786.0,22.3,4.3,17.5,41.1,3.2308043957334744,78.93,2.53,34.4,25.3,3269.0,0.95,2.78,0.4,5.21,7.34,75.54,14.1
95983,Plumas,360.0,154.0,51818.0,21.2,0.0,45.3,50.6,0.1823215567939546,58.44,2.29,7.1,1.2,527.0,0.95,2.28,0.38,6.98,8.05,29.87,25.05
95984,Plumas,209.0,100.0,,0.0,0.0,0.0,59.0,0.9162907318741551,75.0,2.09,0.0,2.5,98.0,1.02,1.02,0.0,10.0,7.72,52.0,19.63
95986,Nevada,110.0,42.0,,7.3,0.0,0.0,61.4,1.62924053973028,61.9,1.38,0.0,5.1,120.0,0.0,4.17,0.0,0.0,8.64,54.76,19.66
95987,Colusa,6489.0,2010.0,92337.0,16.8,0.0,77.7,32.2,2.0014800002101243,54.98,2.36,52.6,7.4,5924.0,0.71,2.77,0.19,4.63,7.78,52.59,13.32
95988,Glenn,9060.0,3082.0,78913.0,19.0,5.0,33.4,34.9,2.424802725718295,56.65,2.23,32.3,11.3,7733.0,0.65,2.51,0.34,4.65,7.88,50.84,5.33
95991,Sutter,42490.0,14638.0,64853.0,17.3,12.1,40.7,34.0,5.974572679437764,48.27,1.89,38.1,393.3,31040.0,1.49,4.38,0.42,7.73,7.65,43.54,10.99
95993,Sutter,38957.0,12792.0,89684.0,24.7,25.1,22.8,38.6,5.130490255904535,66.82,2.29,35.1,169.1,32797.0,2.3,5.01,0.6,8.84,7.1,64.05,8.26
96001,Shasta,34109.0,13008.0,70594.0,28.3,2.0,10.2,40.9,4.991792206294776,60.43,1.92,28.7,147.2,27275.0,2.05,5.61,1.02,9.46,7.46,58.21,6.94
96002,Shasta,34023.0,12929.0,74230.0,22.3,5.9,13.3,38.5,6.085182550981734,61.51,1.98,30.6,439.3,26629.0,1.56,4.86,0.65,8.39,7.56,55.22,3.1
96003,Shasta,44068.0,18125.0,71801.0,27.4,4.1,10.6,40.6,4.141546163706395,58.68,1.89,23.1,62.9,35064.0,1.61,4.94,0.68,7.57,7.64,47.9,15.07
96006,Lassen,513.0,164.0,41765.0,28.0,0.6,3.7,61.0,0.1823215567939546,88.41,2.59,13.4,1.2,648.0,0.15,1.7,0.31,0.0,7.53,79.88,43.37
96007,Shasta,25009.0,9824.0,65000.0,16.3,3.2,15.0,39.9,4.273884476054178,70.15,2.01,31.2,71.8,19663.0,0.8,3.6,0.28,4.84,7.81,58.15,0.96
96008,Shasta,1086.0,427.0,94044.0,25.0,0.0,8.7,50.4,2.4336133554004498,85.48,2.18,21.5,11.4,1586.0,0.69,3.15,0.76,5.0,7.93,79.39,23.09
96009,Lassen,380.0,135.0,50950.0,26.7,3.2,5.3,26.8,-0.35667494393873245,80.74,2.46,32.6,0.7,651.0,0.46,0.92,0.0,0.0,8.31,80.74,51.04
96010,Trinity,119.0,11.0,,64.7,5.0,24.4,9.6,-2.3025850929940455,100.0,2.0,45.5,0.1,165.0,0.61,3.03,0.61,0.0,9.12,45.45,32.99
96011,Shasta,157.0,62.0,24583.0,14.5,1.3,7.0,56.1,-1.6094379124341003,67.74,2.61,16.1,0.2,98.0,1.02,2.04,0.0,0.0,8.49,37.1,31.13
96013,Shasta,3929.0,1648.0,52065.0,8.5,0.2,6.0,47.5,1.8718021769015913,63.23,1.87,24.9,6.5,3307.0,0.39,2.03,0.24,2.3,7.76,60.68,10.21
96014,Siskiyou,285.0,110.0,,10.2,0.0,0.0,52.4,-0.2231435513142097,70.91,2.87,53.6,0.8,252.0,0.4,2.78,0.0,0.0,8.59,70.91,33.84
96015,Modoc,523.0,136.0,44894.0,33.6,15.3,18.0,73.5,-0.2231435513142097,83.09,3.08,0.0,0.8,363.0,0.55,1.93,0.83,3.45,7.9,65.44,29.78
96016,Shasta,297.0,139.0,52137.0,24.8,0.0,3.4,66.4,1.0296194171811581,79.86,1.89,13.7,2.8,370.0,0.27,2.43,0.0,3.23,7.97,79.86,8.38
96017,Shasta,132.0,68.0,46500.0,30.7,1.5,10.6,67.1,-1.2039728043259361,70.59,1.98,17.6,0.3,116.0,2.59,0.86,0.86,20.0,7.77,70.59,11.52
96019,Shasta,10413.0,3970.0,60972.0,13.8,3.9,9.0,39.5,5.883600901232037,62.67,1.98,31.2,359.1,7654.0,0.94,3.97,0.6,5.4,7.84,56.6,4.14
96020,Plumas,2404.0,1084.0,82123.0,26.0,0.0,14.6,59.3,3.1135153092103742,83.12,2.16,16.8,22.5,3066.0,0.26,1.7,0.23,1.58,7.8,75.18,54.55
96021,Tehama,15076.0,5219.0,58125.0,12.9,3.0,50.7,36.3,3.1780538303479458,65.57,2.13,33.1,24.0,14069.0,0.57,3.09,0.33,3.62,7.99,49.7,5.68
96022,Tehama,16497.0,6019.0,87220.0,22.1,2.5,11.2,42.4,3.261935314328648,77.69,2.23,31.5,26.1,14160.0,1.05,4.05,0.46,4.53,7.65,70.34,14.76
96023,Siskiyou,1128.0,500.0,36014.0,10.8,1.2,32.4,39.4,0.47000362924573563,70.2,1.87,28.2,1.6,899.0,0.11,1.45,0.0,2.22,8.5,63.2,63.03
96024,Trinity,1029.0,392.0,46964.0,18.5,0.0,12.6,54.8,0.7884573603642703,69.9,1.49,13.8,2.2,992.0,1.01,3.02,1.01,5.88,8.03,55.61,16.51
96025,Siskiyou,2150.0,1031.0,43714.0,22.6,1.5,12.2,51.4,2.2082744135228043,66.44,1.9,21.0,9.1,2120.0,0.66,2.78,0.28,4.63,8.35,59.75,3.43
96027,Siskiyou,1872.0,794.0,69559.0,30.6,0.8,9.9,52.3,0.4054651081081644,79.09,2.37,25.3,1.5,2364.0,0.38,2.45,0.17,2.75,7.79,73.68,49.76
96028,Shasta,1667.0,605.0,61851.0,18.5,0.0,21.9,48.5,1.33500106673234,71.57,2.2,32.4,3.8,1275.0,0.47,2.27,0.16,2.73,7.77,65.95,15.77
96029,Tehama,117.0,35.0,,22.9,0.0,19.7,37.5,0.26236426446749106,82.86,2.67,45.7,1.3,152.0,0.66,2.63,0.0,0.0,8.29,71.43,23.86
96031,Siskiyou,70.0,43.0,35250.0,34.3,0.0,0.0,69.5,-2.3025850929940455,79.07,1.47,2.3,0.1,109.0,0.0,4.59,0.92,0.0,8.89,62.79,44.26
96032,Siskiyou,2629.0,1088.0,69953.0,20.7,0.4,9.0,44.1,0.7884573603642703,71.42,2.31,31.6,2.2,2613.0,0.46,2.14,0.27,4.59,7.8,60.39,28.43
96033,Shasta,245.0,101.0,41875.0,15.8,5.7,7.3,60.1,-0.35667494393873245,82.18,1.74,23.8,0.7,328.0,0.61,3.05,0.0,4.35,8.26,36.63,20.76
96034,Siskiyou,325.0,144.0,56875.0,30.2,0.0,0.9,45.0,0.09531017980432493,81.25,2.34,26.4,1.1,315.0,0.32,2.22,0.63,3.85,8.04,70.83,19.21
96035,Tehama,3968.0,1535.0,51336.0,19.1,0.0,46.8,39.1,3.490428515390098,63.0,1.93,42.6,32.8,2803.0,0.54,2.6,0.18,4.37,8.08,48.66,13.46
96037,Siskiyou,131.0,63.0,,21.4,0.0,0.0,45.7,2.468099531471619,100.0,3.11,0.0,11.8,434.0,0.23,1.61,0.23,3.12,7.66,100.0,29.25
96038,Siskiyou,399.0,209.0,58787.0,19.9,0.0,3.8,53.6,2.163323025660538,72.25,2.45,10.0,8.7,769.0,0.13,1.56,0.39,2.33,8.2,67.94,12.93
96039,Siskiyou,647.0,306.0,40333.0,20.3,1.1,9.6,59.2,-0.916290731874155,57.19,1.77,13.4,0.4,911.0,0.11,1.65,0.0,0.0,7.36,38.24,49.15
96040,Shasta,88.0,39.0,,0.0,0.0,25.0,67.6,-1.2039728043259361,100.0,2.64,0.0,0.3,238.0,0.42,1.68,0.84,4.76,7.6,82.05,23.15
96041,Trinity,3413.0,1124.0,46914.0,18.1,8.9,8.3,60.0,1.3862943611198906,64.68,1.9,9.7,4.0,2314.0,0.39,2.03,0.13,2.86,8.6,56.23,31.45
96044,Siskiyou,1181.0,499.0,55750.0,14.1,2.5,10.5,45.8,1.1631508098056809,75.75,2.05,25.5,3.2,961.0,0.73,3.54,0.21,3.12,8.09,49.7,24.03
96046,Trinity,410.0,39.0,,0.0,0.0,0.0,62.3,-0.10536051565782628,84.62,3.23,0.0,0.9,242.0,0.83,4.55,0.41,10.0,8.69,84.62,42.48
96047,Shasta,857.0,381.0,119922.0,20.2,0.8,8.1,54.5,0.47000362924573563,85.04,2.55,14.4,1.6,762.0,1.05,4.07,0.92,4.0,7.31,68.77,27.5
96048,Trinity,1197.0,327.0,63199.0,20.2,0.3,3.4,48.6,1.0986122886681098,72.48,2.06,6.4,3.0,698.0,1.0,3.87,0.29,10.87,8.1,64.22,15.27
96050,Siskiyou,369.0,217.0,36450.0,20.1,4.6,2.7,68.7,-0.6931471805599453,88.94,2.04,2.3,0.5,361.0,0.28,1.66,0.0,0.0,8.45,60.83,28.23
96051,Shasta,885.0,476.0,63000.0,22.7,0.5,11.5,63.4,0.0,88.03,2.12,3.6,1.0,1082.0,1.39,3.23,0.28,6.17,7.9,63.03,5.37
96052,Trinity,2817.0,675.0,56734.0,9.8,0.9,9.5,33.6,2.624668592163159,81.04,2.22,34.5,13.8,1481.0,1.08,3.11,0.41,9.57,8.09,55.56,9.58
96054,Modoc,242.0,119.0,71917.0,10.0,0.0,1.2,56.9,-0.35667494393873245,94.96,2.25,8.4,0.7,347.0,0.0,2.02,0.0,0.0,8.18,73.11,51.69
96055,Tehama,3404.0,1447.0,53657.0,16.7,1.3,34.0,42.1,3.0349529867072724,67.31,2.1,23.6,20.8,3407.0,0.5,3.58,0.41,3.02,7.92,47.82,18.56
96056,Lassen,1535.0,627.0,88359.0,32.6,8.9,7.3,53.0,0.5306282510621704,95.22,2.59,18.5,1.7,1727.0,0.52,2.61,0.23,3.9,7.78,80.06,30.47
96057,Siskiyou,1076.0,528.0,46250.0,23.8,1.1,6.2,60.6,0.26236426446749106,77.46,1.9,11.6,1.3,1596.0,0.31,2.01,0.56,1.92,8.04,70.08,28.87
96058,Siskiyou,706.0,202.0,46196.0,9.9,3.4,53.0,40.1,-0.5108256237659907,64.36,1.79,27.7,0.6,639.0,0.31,1.72,0.16,5.26,8.55,42.57,50.74
96059,Tehama,731.0,239.0,,4.9,4.0,38.3,34.5,1.2809338454620642,59.83,2.01,36.8,3.6,470.0,0.64,3.19,0.21,2.0,7.61,54.39,38.7
96061,Tehama,38.0,38.0,,0.0,0.0,0.0,,-1.2039728043259361,0.0,2.0,0.0,0.3,31.0,6.45,0.0,0.0,66.67,8.82,0.0,63.28
96062,Shasta,1074.0,393.0,110781.0,25.4,0.0,5.0,46.5,1.7227665977411035,86.26,2.89,24.2,5.6,1083.0,1.02,4.62,1.11,2.73,7.54,76.59,22.86
96063,Tehama,107.0,60.0,85455.0,55.2,11.2,0.0,48.6,1.252762968495368,18.33,1.38,25.0,3.5,101.0,0.99,1.98,0.0,0.0,6.98,18.33,55.93
96064,Siskiyou,4696.0,1819.0,59602.0,17.4,1.0,10.5,44.4,1.308332819650179,76.64,2.25,30.0,3.7,4591.0,0.37,2.4,0.37,3.42,7.96,61.68,21.85
96065,Shasta,346.0,148.0,65000.0,33.4,0.0,23.4,59.7,0.47000362924573563,87.84,2.54,12.2,1.6,328.0,0.0,2.44,0.61,0.0,8.19,79.73,22.22
96067,Siskiyou,7800.0,3715.0,63222.0,33.8,1.7,8.8,51.5,3.086486636822455,69.04,1.94,20.6,21.9,8538.0,1.29,5.0,0.74,7.23,7.84,58.25,4.16
96068,Lassen,152.0,12.0,,0.0,40.8,30.3,28.9,0.4054651081081644,41.67,1.33,33.3,1.5,70.0,0.0,0.0,0.0,0.0,9.5,33.33,40.65
96069,Shasta,1371.0,551.0,74107.0,17.4,0.7,20.9,49.5,1.7749523509116738,88.93,2.35,22.5,5.9,773.0,1.42,3.49,0.91,10.14,7.75,72.96,30.37
96071,Shasta,17.0,17.0,,0.0,0.0,0.0,,-2.3025850929940455,100.0,2.18,0.0,0.1,114.0,0.0,2.63,0.0,0.0,7.56,100.0,31.96
96073,Shasta,5633.0,1929.0,123237.0,41.7,0.3,4.8,42.8,3.914021008090819,93.47,2.59,35.3,50.1,5048.0,1.66,4.58,0.93,7.61,7.42,89.11,12.24
96074,Tehama,225.0,46.0,70455.0,0.6,6.2,25.3,37.6,-0.10536051565782628,97.83,2.71,39.1,0.9,111.0,0.0,2.7,0.0,0.0,7.95,82.61,34.11
96075,Tehama,330.0,144.0,66000.0,11.3,0.0,9.1,38.7,0.6418538861723947,22.92,1.25,0.0,1.9,223.0,0.0,0.45,1.35,0.0,8.04,6.25,36.98
96076,Trinity,140.0,63.0,26058.0,19.3,10.7,7.9,60.0,-1.2039728043259361,61.9,2.0,0.0,0.3,152.0,0.66,5.26,0.0,0.0,8.86,61.9,37.53
96080,Tehama,31149.0,12047.0,63365.0,19.4,1.3,19.3,40.2,2.975529566236472,63.92,1.9,35.0,19.6,24523.0,0.78,3.58,0.5,4.2,7.64,55.08,12.41
96084,Shasta,760.0,297.0,39141.0,11.8,5.4,13.0,47.3,0.9932517730102834,74.41,2.37,29.6,2.7,449.0,1.56,2.45,0.0,0.0,8.68,53.87,30.44
96085,Siskiyou,65.0,32.0,101667.0,23.6,3.1,0.0,59.6,-1.2039728043259361,100.0,1.31,12.5,0.3,54.0,1.85,1.85,0.0,0.0,7.71,90.62,34.4
96086,Siskiyou,307.0,139.0,55208.0,24.3,1.0,13.7,54.8,-0.6931471805599453,76.98,2.43,23.7,0.5,301.0,0.0,2.99,0.0,0.0,8.7,61.87,51.21
96087,Shasta,819.0,298.0,101447.0,31.4,0.0,1.7,47.7,1.3609765531356006,95.64,2.35,8.7,3.9,728.0,1.37,3.71,0.41,8.82,7.9,95.64,20.4
96088,Shasta,4552.0,2199.0,71494.0,18.3,0.3,8.5,60.2,2.3978952727983707,89.18,2.12,12.2,11.0,4381.0,1.0,3.31,0.39,5.33,7.82,72.67,35.34
96090,Tehama,395.0,181.0,67614.0,13.7,0.0,28.9,50.6,4.73356340075649,70.72,2.16,20.4,113.7,357.0,0.84,2.52,0.28,7.69,8.34,68.51,12.01
96091,Trinity,761.0,329.0,59432.0,32.4,0.3,0.9,67.1,-0.5108256237659907,97.26,2.12,1.8,0.6,931.0,0.32,2.15,0.32,3.03,7.44,93.31,37.01
96092,Tehama,511.0,160.0,41455.0,19.9,0.0,43.6,54.5,1.3862943611198906,86.25,2.24,27.5,4.0,424.0,0.71,2.12,0.47,2.7,8.32,44.38,16.09
96093,Trinity,3626.0,1555.0,72793.0,22.9,1.1,3.8,58.5,3.1654750481410856,77.88,2.07,2.5,23.7,4496.0,0.6,2.82,0.58,4.65,7.99,68.36,4.28
96094,Siskiyou,6674.0,2760.0,65139.0,24.2,3.9,16.1,48.3,2.322387720290225,69.71,1.95,22.3,10.2,6742.0,0.98,3.54,0.49,5.9,7.8,68.37,13.46
96096,Shasta,717.0,323.0,60547.0,19.6,0.0,14.9,57.8,0.8754687373538999,86.07,2.37,10.2,2.4,741.0,1.08,2.97,0.4,3.57,7.89,64.09,35.96
96097,Siskiyou,10220.0,4378.0,47105.0,20.1,0.3,12.3,41.3,3.0301337002713233,63.89,1.83,25.9,20.7,9690.0,0.49,2.09,0.18,3.29,7.83,55.23,4.24
96101,Modoc,4868.0,1870.0,57117.0,21.4,0.2,12.1,44.8,1.1631508098056809,71.76,1.95,21.3,3.2,5465.0,0.15,1.7,0.31,0.99,7.98,62.57,4.85
96103,Plumas,1301.0,631.0,66725.0,29.7,0.0,2.1,68.0,1.3862943611198906,94.14,1.84,10.5,4.0,1976.0,0.51,2.48,0.3,3.8,7.57,80.35,16.43
96104,Modoc,883.0,364.0,51484.0,16.2,1.0,8.8,54.4,0.47000362924573563,72.25,2.22,25.5,1.6,757.0,0.26,2.25,0.13,1.79,7.82,62.91,35.92
96105,Plumas,493.0,207.0,,22.1,0.0,0.0,43.7,-0.2231435513142097,88.89,2.13,38.2,0.8,522.0,0.19,0.77,0.19,0.0,8.33,76.81,34.31
96106,Plumas,359.0,134.0,,30.8,0.0,0.0,32.3,1.8082887711792655,52.24,1.56,34.3,6.1,662.0,1.06,3.02,0.6,5.97,7.47,52.24,10.13
96107,Mono,668.0,293.0,45605.0,34.8,5.8,26.3,41.4,1.0647107369924282,61.09,1.89,15.4,2.9,802.0,0.75,1.87,0.0,4.35,7.45,49.15,4.19
96108,Modoc,103.0,39.0,,41.2,0.0,0.0,48.1,-1.6094379124341003,66.67,3.09,38.5,0.2,160.0,0.62,1.25,0.0,5.26,6.94,66.67,32.07
96109,Lassen,1182.0,414.0,50556.0,16.4,3.2,14.1,42.3,0.8329091229351039,92.03,2.33,20.3,2.3,788.0,0.89,1.52,0.0,7.89,8.48,60.87,39.46
96110,Modoc,82.0,63.0,69250.0,37.8,0.0,0.0,78.4,-1.6094379124341003,85.71,2.37,0.0,0.2,125.0,0.0,3.2,0.0,0.0,8.18,85.71,44.95
96111,Nevada,22.0,13.0,,0.0,0.0,0.0,76.7,-1.2039728043259361,100.0,2.0,0.0,0.3,78.0,3.85,2.56,0.0,27.27,7.26,100.0,19.78
96112,Modoc,172.0,59.0,36750.0,35.2,0.0,9.3,50.5,-0.6931471805599453,59.32,1.39,11.9,0.5,212.0,0.0,2.83,0.0,0.0,8.69,50.85,55.42
96113,Lassen,2310.0,350.0,54922.0,9.4,1.5,32.1,37.3,4.894850261102546,47.14,1.98,25.1,133.6,700.0,0.0,1.43,0.14,0.0,8.1,45.14,45.74
96114,Lassen,2797.0,1182.0,70000.0,14.4,0.4,12.4,52.7,2.7536607123542622,75.38,2.29,15.7,15.7,3107.0,0.35,1.51,0.26,3.52,7.75,58.71,20.34
96115,Modoc,109.0,65.0,69583.0,42.9,0.0,0.0,61.6,-1.2039728043259361,96.92,2.64,12.3,0.3,166.0,0.0,0.6,0.0,0.0,9.39,90.77,40.89
96116,Modoc,0.0,0.0,,0.0,0.0,0.0,,,,,0.0,0.0,221.0,0.0,0.0,0.0,0.0,8.58,,28.31
96117,Lassen,249.0,81.0,101250.0,12.5,0.0,22.1,33.0,-1.2039728043259361,66.67,1.76,48.1,0.3,307.0,0.33,1.95,0.33,0.0,7.91,38.27,37.62
96118,Sierra,1492.0,645.0,44417.0,22.0,0.0,5.7,58.3,1.0296194171811581,81.86,1.71,10.1,2.8,1660.0,0.84,1.87,0.18,7.26,7.9,77.83,27.8
96119,Lassen,28.0,16.0,,0.0,0.0,0.0,,-2.3025850929940455,100.0,1.0,100.0,0.1,87.0,1.15,0.0,0.0,100.0,9.08,100.0,52.56
96120,Alpine,1273.0,358.0,100909.0,31.5,0.6,11.1,42.8,0.8754687373538999,84.36,2.53,20.4,2.4,1020.0,2.45,3.04,0.88,12.5,7.46,84.36,19.34
96121,Lassen,169.0,58.0,87826.0,25.6,0.0,0.0,39.6,0.6418538861723947,15.52,1.93,0.0,1.9,421.0,0.24,1.66,0.0,2.63,7.6,15.52,37.93
96122,Plumas,4492.0,1913.0,52096.0,14.2,1.2,15.9,39.7,3.332204510175204,63.88,1.91,29.2,28.0,4237.0,0.54,2.01,0.24,6.23,7.86,47.41,2.21
96123,Lassen,77.0,26.0,39167.0,23.8,0.0,3.9,48.8,-2.3025850929940455,73.08,1.88,11.5,0.1,101.0,0.0,0.99,0.0,0.0,8.21,50.0,44.57
96124,Sierra,253.0,39.0,,76.4,0.0,0.0,16.7,0.5306282510621704,43.59,3.12,100.0,1.7,468.0,1.07,3.21,0.0,8.33,7.81,43.59,18.21
96125,Sierra,226.0,146.0,76875.0,29.2,0.0,0.0,69.9,-0.10536051565782628,100.0,2.43,0.0,0.9,437.0,1.37,2.97,0.46,14.71,7.63,100.0,27.22
96126,Sierra,233.0,102.0,,12.3,0.0,58.8,38.7,0.0,83.33,2.03,16.7,1.0,424.0,0.71,4.72,0.47,6.98,7.42,83.33,25.91
96128,Lassen,642.0,259.0,89340.0,16.3,0.0,15.6,37.5,2.0794415416798357,95.75,2.75,48.6,8.0,686.0,0.29,0.44,0.0,7.14,8.27,87.26,22.45
96129,Plumas,411.0,146.0,,3.9,0.0,0.0,49.8,0.5306282510621704,67.12,2.96,38.4,1.7,317.0,0.32,0.63,0.32,4.76,8.42,58.9,9.92
96130,Lassen,20892.0,5658.0,71125.0,12.3,1.2,25.7,35.9,2.72785282839839,65.29,2.01,30.6,15.3,13678.0,0.25,1.74,0.24,1.71,7.97,58.02,14.21
96132,Lassen,17.0,8.0,43125.0,0.0,0.0,0.0,69.3,,50.0,2.0,0.0,0.0,17.0,0.0,0.0,0.0,0.0,8.7,0.0,56.35
96133,Mono,242.0,56.0,,0.0,0.0,73.6,50.1,1.9021075263969205,25.0,1.5,0.0,6.7,96.0,0.0,3.12,2.08,0.0,7.95,25.0,13.08
96134,Modoc,2347.0,780.0,47609.0,18.3,0.0,41.9,38.8,0.9162907318741551,79.62,2.11,34.2,2.5,1758.0,0.17,1.31,0.11,0.84,8.23,66.79,80.21
96135,Plumas,114.0,59.0,,0.0,0.0,0.0,,0.26236426446749106,100.0,1.0,0.0,1.3,117.0,0.0,1.71,0.0,0.0,8.02,100.0,22.49
96136,Lassen,74.0,16.0,,0.0,0.0,0.0,62.5,-1.6094379124341003,100.0,3.56,37.5,0.2,125.0,0.0,0.8,0.0,0.0,8.35,62.5,47.66
96137,Lassen,2717.0,1268.0,63480.0,26.2,0.0,9.5,57.2,3.0492730404820207,77.13,2.02,20.3,21.1,3850.0,0.26,1.87,0.47,1.41,7.85,73.03,36.72
96140,Placer,1099.0,467.0,185104.0,65.9,5.7,10.6,45.9,4.395682961121367,89.08,2.09,27.2,81.1,1398.0,3.08,4.15,1.36,11.79,7.2,89.08,7.19
96141,Placer,621.0,260.0,121875.0,71.5,1.0,1.1,53.4,2.970414465569701,86.15,2.43,24.2,19.5,823.0,1.46,4.5,0.85,6.19,7.15,76.54,10.94
96142,El Dorado,821.0,392.0,87969.0,36.5,0.0,3.3,45.1,2.6461747973841225,60.46,2.1,19.1,14.1,902.0,1.44,4.43,1.11,5.66,7.24,60.46,14.08
96143,Placer,2852.0,1297.0,65841.0,33.6,1.5,43.5,46.1,5.314190715704327,60.76,1.93,16.1,203.2,2909.0,1.58,2.75,0.38,11.2,7.89,50.42,8.3
96145,Placer,3291.0,1372.0,121875.0,61.6,3.1,4.0,42.2,3.4688560301359703,76.75,2.06,28.2,32.1,4464.0,2.6,3.85,1.14,11.94,7.34,73.32,4.28
96146,Placer,1120.0,517.0,114145.0,55.1,0.0,9.7,42.0,3.044522437723423,57.45,2.35,13.2,21.0,1616.0,3.34,2.97,0.87,15.27,7.21,55.13,8.86
96148,Placer,462.0,222.0,82692.0,36.4,0.0,32.5,63.6,4.933034048072704,89.64,1.94,19.8,138.8,983.0,2.64,5.19,1.32,14.08,7.11,75.68,6.38
96150,El Dorado,29527.0,12678.0,83738.0,39.2,5.5,23.8,40.3,4.483002552013883,58.08,1.88,24.9,88.5,18894.0,1.96,4.49,0.76,10.65,7.5,53.19,1.8
96155,El Dorado,0.0,0.0,,0.0,0.0,0.0,,,,,0.0,0.0,662.0,0.6,3.32,0.6,3.28,7.64,,13.42
96161,Nevada,19231.0,7655.0,128535.0,60.4,2.2,12.3,43.4,3.696351468952637,78.56,2.09,31.7,40.3,14887.0,5.81,4.84,1.69,18.72,6.8,74.16,2.48
